ID,LATITUDE,LONGITUDE,CATEGORY,STATES_NAME_EN,REGION_EN,NAME_EN
18,-42.5,-64,Natural,Argentina,Latin America and the Caribbean,Pennsula Valds
19,-30,-68,Natural,Argentina,Latin America and the Caribbean,Ischigualasto / Talampaya Natural Parks
20,-31.42056,-64.19111,Cultural,Argentina,Latin America and the Caribbean,Jesuit Block and Estancias of Córdoba
21,-23.19986111,-65.34886111,Cultural,Argentina,Latin America and the Caribbean,Quebrada de Humahuaca
22,-42.8528,-71.8728,Natural,Argentina,Latin America and the Caribbean,Los Alerces National Park
23,41.095,44.71028,Cultural,Armenia,Europe and North America,Monasteries of Haghpat and Sanahin
35,-53.1,73.5,Natural,Australia,Asia and the Pacific,Heard and McDonald Islands
36,-25.48611111,113.4361111,Natural,Australia,Asia and the Pacific,"Shark Bay, Western Australia"
37,-54.59472222,158.8955556,Natural,Australia,Asia and the Pacific,Macquarie Island
38,-25.21666667,153.1333333,Natural,Australia,Asia and the Pacific,Fraser Island
39,-19.08333333,138.7166667,Natural,Australia,Asia and the Pacific,Australian Fossil Mammal Sites (Riversleigh / Naracoorte)
40,-33.7,150,Natural,Australia,Asia and the Pacific,Greater Blue Mountains Area
24,40.15889,44.79667,Cultural,Armenia,Europe and North America,Monastery of Geghard and the Upper Azat Valley
25,40.15931,44.29514,Cultural,Armenia,Europe and North America,Cathedral and Churches of Echmiatsin and the Archaeological Site of Zvartnots
26,-12.83333333,132.8333333,Mixed,Australia,Asia and the Pacific,Kakadu National Park
27,-18.28611111,147.7,Natural,Australia,Asia and the Pacific,Great Barrier Reef
28,-33.85666667,151.2152778,Cultural,Australia,Asia and the Pacific,Sydney Opera House
29,-34,143,Mixed,Australia,Asia and the Pacific,Willandra Lakes Region
30,-41.58333333,145.4166667,Mixed,Australia,Asia and the Pacific,Tasmanian Wilderness
31,-31.56555556,159.0883333,Natural,Australia,Asia and the Pacific,Lord Howe Island Group
32,-28.25,150.05,Natural,Australia,Asia and the Pacific,Gondwana Rainforests of Australia
33,-25.33333333,131,Mixed,Australia,Asia and the Pacific,Ulu<U>r</U>u-Kata Tju<U>t</U>a National Park
34,-15.65,144.9666667,Natural,Australia,Asia and the Pacific,Wet Tropics of Queensland
1,34.84694,67.82525,Cultural,Afghanistan,Asia and the Pacific,Cultural Landscape and Archaeological Remains of the Bamiyan Valley
2,34.39641667,64.51588889,Cultural,Afghanistan,Asia and the Pacific,Minaret and Archaeological Remains of Jam
3,40.06944444,20.13333333,Cultural,Albania,Europe and North America,Historic Centres of Berat and Gjirokastra
4,39.75111111,20.02611111,Cultural,Albania,Europe and North America,Butrint
5,35.81844,4.78684,Cultural,Algeria,Arab States,Al Qal'a of Beni Hammad
6,25.5,9,Mixed,Algeria,Arab States,Tassili n'Ajjer
7,32.48333,3.68333,Cultural,Algeria,Arab States,M'Zab Valley
8,36.32056,5.73667,Cultural,Algeria,Arab States,Djémila
9,36.55,2.383333333,Cultural,Algeria,Arab States,Tipasa
10,35.48416667,6.468861111,Cultural,Algeria,Arab States,Timgad
11,36.78333,3.06028,Cultural,Algeria,Arab States,Kasbah of Algiers
12,42.49472222,1.595555556,Cultural,Andorra,Europe and North America,Madriu-Perafita-Claror Valley
13,-6.268888889,14.24972222,Cultural,Angola,Africa,"Mbanza Kongo, Vestiges of the Capital of the former Kingdom of Kongo"
14,17.00694444,-61.76166667,Cultural,Antigua and Barbuda,Latin America and the Caribbean,Antigua Naval Dockyard and Related Archaeological Sites
15,-50,-73.24944,Natural,Argentina,Latin America and the Caribbean,Los Glaciares National Park
16,-25.51805556,-54.13333333,Natural,Argentina,Latin America and the Caribbean,Iguazu National Park
17,-47.15,-70.66666667,Cultural,Argentina,Latin America and the Caribbean,"Cueva de las Manos, Río Pinturas"
56,26.23306,50.52722222,Cultural,Bahrain,Arab States,Qal⿿at al-Bahrain ⿿ Ancient Harbour and Capital of Dilmun
57,26.24128,50.61351,Cultural,Bahrain,Arab States,"Pearling, Testimony of an Island Economy"
58,26.14972222,50.51277778,Cultural,Bahrain,Arab States,Dilmun Burial Mounds
59,22.66667,89.8,Cultural,Bangladesh,Asia and the Pacific,Historic Mosque City of Bagerhat
60,25.03333333,88.98333333,Cultural,Bangladesh,Asia and the Pacific,Ruins of the Buddhist Vihara at Paharpur
61,21.95,89.18333,Natural,Bangladesh,Asia and the Pacific,The Sundarbans
62,13.09666667,-59.61388889,Cultural,Barbados,Latin America and the Caribbean,Historic Bridgetown and its Garrison
63,53.45108333,26.47272222,Cultural,Belarus,Europe and North America,Mir Castle Complex
64,53.22278,26.69139,Cultural,Belarus,Europe and North America,"Architectural, Residential and Cultural Complex of the Radziwill Family at Nesvizh"
65,51.03097222,4.47375,Cultural,Belgium,Europe and North America,Flemish Béguinages
66,50.48111,4.13722,Cultural,Belgium,Europe and North America,"The Four Lifts on the Canal du Centre and their Environs, La Louvière and Le Roeulx (Hainaut)"
67,50.84668,4.35242,Cultural,Belgium,Europe and North America,"La Grand-Place, Brussels"
68,51.20891,3.22527,Cultural,Belgium,Europe and North America,Historic Centre of Brugge
69,50.82806,4.36223,Cultural,Belgium,Europe and North America,Major Town Houses of the Architect Victor Horta (Brussels)
70,50.43077,3.97879,Cultural,Belgium,Europe and North America,Neolithic Flint Mines at Spiennes (Mons)
71,50.60603,3.38926,Cultural,Belgium,Europe and North America,Notre-Dame Cathedral in Tournai
72,51.21833,4.39778,Cultural,Belgium,Europe and North America,Plantin-Moretus House-Workshops-Museum Complex
73,50.835,4.416111111,Cultural,Belgium,Europe and North America,Stoclet House
74,50.43527778,3.838333333,Cultural,Belgium,Europe and North America,Major Mining Sites of Wallonia
75,16.75,-87.05833333,Natural,Belize,Latin America and the Caribbean,Belize Barrier Reef Reserve System
76,7.183333333,1.983333333,Cultural,Benin,Africa,Royal Palaces of Abomey
77,-19.58361,-65.75306,Cultural,Bolivia (Plurinational State of),Latin America and the Caribbean,City of Potosí
78,-16,-60.5,Cultural,Bolivia (Plurinational State of),Latin America and the Caribbean,Jesuit Missions of the Chiquitos
79,-19.04306,-65.25917,Cultural,Bolivia (Plurinational State of),Latin America and the Caribbean,Historic City of Sucre
80,-16.55833333,-68.67778,Cultural,Bolivia (Plurinational State of),Latin America and the Caribbean,Tiwanaku: Spiritual and Political Centre of the Tiwanaku Culture
81,-18.16666667,-63.81666667,Cultural,Bolivia (Plurinational State of),Latin America and the Caribbean,Fuerte de Samaipata
82,-14.26667,-60.86667,Natural,Bolivia (Plurinational State of),Latin America and the Caribbean,Noel Kempff Mercado National Park
83,43.34812,17.81092,Cultural,Bosnia and Herzegovina,Europe and North America,Old Bridge Area of the Old City of Mostar
84,43.78144444,19.288025,Cultural,Bosnia and Herzegovina,Europe and North America,Mehmed Paša SokoloviĿ Bridge in Višegrad
41,-17.5,128.5,Natural,Australia,Asia and the Pacific,Purnululu National Park
42,-37.80611111,144.9702778,Cultural,Australia,Asia and the Pacific,Royal Exhibition Building and Carlton Gardens
43,-33.37833333,150.9944444,Cultural,Australia,Asia and the Pacific,Australian Convict Sites
44,-22.5625,113.8102778,Natural,Australia,Asia and the Pacific,Ningaloo Coast
45,-38.08111111,141.8852778,Cultural,Australia,Asia and the Pacific,Budj Bim Cultural Landscape
46,47.80055556,13.04333333,Cultural,Austria,Europe and North America,Historic Centre of the City of Salzburg
47,47.64877778,15.82797222,Cultural,Austria,Europe and North America,Semmering Railway
48,48.18666667,16.31333333,Cultural,Austria,Europe and North America,Palace and Gardens of Schönbrunn
49,47.55944444,13.64638889,Cultural,Austria,Europe and North America,Hallstatt-Dachstein / Salzkammergut Cultural Landscape
50,47.07416667,15.39166667,Cultural,Austria,Europe and North America,City of Graz ⿿ Historic Centre and Schloss Eggenberg
51,48.36444444,15.43416667,Cultural,Austria,Europe and North America,Wachau Cultural Landscape
52,48.21666667,16.38333333,Cultural,Austria,Europe and North America,Historic Centre of Vienna
53,40.36666667,49.83333333,Cultural,Azerbaijan,Europe and North America,Walled City of Baku with the Shirvanshah's Palace and Maiden Tower
54,40.125,49.375,Cultural,Azerbaijan,Europe and North America,Gobustan Rock Art Cultural Landscape
55,41.20333333,47.1875,Cultural,Azerbaijan,Europe and North America,Historic Centre of Sheki with the Khan⿿s Palace
95,-18.23333333,-43.6,Cultural,Brazil,Latin America and the Caribbean,Historic Centre of the Town of Diamantina
96,-16.5,-39.25,Natural,Brazil,Latin America and the Caribbean,Discovery Coast Atlantic Forest Reserves
97,-24.16667,-48,Natural,Brazil,Latin America and the Caribbean,Atlantic Forest South-East Reserves
98,-15.93328,-50.13336,Cultural,Brazil,Latin America and the Caribbean,Historic Centre of the Town of Goiás
99,-2.333333333,-62.00833333,Natural,Brazil,Latin America and the Caribbean,Central Amazon Conservation Complex
100,-17.71667,-57.38333,Natural,Brazil,Latin America and the Caribbean,Pantanal Conservation Area
101,-3.857944444,-32.42511111,Natural,Brazil,Latin America and the Caribbean,Brazilian Atlantic Islands: Fernando de Noronha and Atol das Rocas Reserves
102,-14.00569444,-47.68461111,Natural,Brazil,Latin America and the Caribbean,Cerrado Protected Areas: Chapada dos Veadeiros and Emas National Parks
103,-22.94777778,-43.29138889,Cultural,Brazil,Latin America and the Caribbean,Rio de Janeiro: Carioca Landscapes between the Mountain and the Sea
113,42.65611,27.73,Cultural,Bulgaria,Europe and North America,Ancient City of Nessebar
114,44.11444,27.07806,Natural,Bulgaria,Europe and North America,Srebarna Nature Reserve
115,41.74272222,23.43047222,Natural,Bulgaria,Europe and North America,Pirin National Park
116,43.66667,26.66667,Cultural,Bulgaria,Europe and North America,Thracian Tomb of Sveshtari
117,10.25,-3.583333333,Cultural,Burkina Faso,Africa,Ruins of Loropéni
118,12.58775833,-3.328986111,Cultural,Burkina Faso,Africa,Ancient ferrous metallurgy sites of Burkina Faso
119,14.91513889,-23.60519444,Cultural,Cabo Verde,Africa,"Cidade Velha, Historic Centre of Ribeira Grande"
120,13.43333333,103.8333333,Cultural,Cambodia,Asia and the Pacific,Angkor
121,14.38833333,104.6838889,Cultural,Cambodia,Asia and the Pacific,Temple of Preah Vihear
133,48.105,-66.35305556,Natural,Canada,Europe and North America,Miguasha National Park
134,44.37611111,-64.30916667,Cultural,Canada,Europe and North America,Old Town Lunenburg
135,44.99438611,-75.765125,Cultural,Canada,Europe and North America,Rideau Canal
136,45.70972222,-64.43583333,Natural,Canada,Europe and North America,Joggins Fossil Cliffs
137,45.11833333,-64.30722222,Cultural,Canada,Europe and North America,Landscape of Grand Grand Pr&eacute
138,51.726925,-56.42952222,Cultural,Canada,Europe and North America,Red Bay Basque Whaling Station
122,12.8725,105.0430556,Cultural,Cambodia,Asia and the Pacific,"Temple Zone of Sambor Prei Kuk, Archaeological Site of Ancient Ishanapura"
123,3,13,Natural,Cameroon,Africa,Dja Faunal Reserve
124,51.46666667,-55.61666667,Cultural,Canada,Europe and North America,L⿿Anse aux Meadows National Historic Site
125,61.54722222,-125.5894444,Natural,Canada,Europe and North America,Nahanni National Park
126,50.76777778,-111.4922222,Natural,Canada,Europe and North America,Dinosaur Provincial Park
127,52.095,-131.2202778,Cultural,Canada,Europe and North America,SG_ang Gwaay Llanagaay
128,49.74944444,-113.6238889,Cultural,Canada,Europe and North America,Head-Smashed-In Buffalo Jump
129,59.35833333,-112.2933333,Natural,Canada,Europe and North America,Wood Buffalo National Park
130,46.80944444,-71.21055556,Cultural,Canada,Europe and North America,Historic District of Old Quebec
131,51.42472222,-116.4797222,Natural,Canada,Europe and North America,Canadian Rocky Mountain Parks
132,49.6125,-57.53138889,Natural,Canada,Europe and North America,Gros Morne National Park
104,-11.01611111,-37.21,Cultural,Brazil,Latin America and the Caribbean,São Francisco Square in the Town of São Cristóvão
105,-23.01860556,-44.68536944,Mixed,Brazil,Latin America and the Caribbean,Paraty and Ilha Grande ⿿ Culture and Biodiversity
106,-19.85194444,-43.97361111,Cultural,Brazil,Latin America and the Caribbean,Pampulha Modern Ensemble
107,-22.89711111,-43.18739444,Cultural,Brazil,Latin America and the Caribbean,Valongo Wharf Archaeological Site
108,42.65,23.26666667,Cultural,Bulgaria,Europe and North America,Boyana Church
109,43.3,27.15,Cultural,Bulgaria,Europe and North America,Madara Rider
110,42.61666667,25.4,Cultural,Bulgaria,Europe and North America,Thracian Tomb of Kazanlak
111,43.71666667,25.96666667,Cultural,Bulgaria,Europe and North America,Rock-Hewn Churches of Ivanovo
112,42.11666667,23.4,Cultural,Bulgaria,Europe and North America,Rila Monastery
85,-18.75,21.73333333,Cultural,Botswana,Africa,Tsodilo
86,-19.28333333,22.9,Natural,Botswana,Africa,Okavango Delta
87,-20.38888889,-43.50555556,Cultural,Brazil,Latin America and the Caribbean,Historic Town of Ouro Preto
88,-8.013333333,-34.845,Cultural,Brazil,Latin America and the Caribbean,Historic Centre of the Town of Olinda
89,-12.96666667,-38.5,Cultural,Brazil,Latin America and the Caribbean,Historic Centre of Salvador de Bahia
90,-20.49972222,-43.85777778,Cultural,Brazil,Latin America and the Caribbean,Sanctuary of Bom Jesus do Congonhas
91,-25.68333,-54.43333,Natural,Brazil,Latin America and the Caribbean,Iguaçu National Park
92,-15.78333,-47.9,Cultural,Brazil,Latin America and the Caribbean,Brasilia
93,-8.416666667,-42.33333333,Cultural,Brazil,Latin America and the Caribbean,Serra da Capivara National Park
94,-2.514166667,-44.3025,Cultural,Brazil,Latin America and the Caribbean,Historic Centre of São Luís
161,35.61167,116.975,Cultural,China,Asia and the Pacific,Temple and Cemetery of Confucius and the Kong Family Mansion in Qufu
162,32.46667,111,Cultural,China,Asia and the Pacific,Ancient Building Complex in the Wudang Mountains
163,29.65792,91.11717,Cultural,China,Asia and the Pacific,"Historic Ensemble of the Potala Palace, Lhasa"
164,29.43333333,115.8666667,Cultural,China,Asia and the Pacific,Lushan National Park
165,29.5449,103.76925,Mixed,China,Asia and the Pacific,"Mount Emei Scenic Area, including Leshan Giant Buddha Scenic Area"
166,26.86667,100.23333,Cultural,China,Asia and the Pacific,Old Town of Lijiang
167,37.20139,112.15444,Cultural,China,Asia and the Pacific,Ancient City of Ping Yao
168,31.31666667,120.45,Cultural,China,Asia and the Pacific,Classical Gardens of Suzhou
169,39.91055556,116.1411111,Cultural,China,Asia and the Pacific,"Summer Palace, an Imperial Garden in Beijing"
170,39.84555556,116.4447222,Cultural,China,Asia and the Pacific,Temple of Heaven: an Imperial Sacrificial Altar in Beijing
171,27.71667,117.68333,Mixed,China,Asia and the Pacific,Mount Wuyi
172,29.70111,105.705,Cultural,China,Asia and the Pacific,Dazu Rock Carvings
173,31.00167,103.60528,Cultural,China,Asia and the Pacific,Mount Qingcheng and the Dujiangyan Irrigation System
174,29.90444444,117.9875,Cultural,China,Asia and the Pacific,Ancient Villages in Southern Anhui ⿿ Xidi and Hongcun
175,34.46666667,112.4666667,Cultural,China,Asia and the Pacific,Longmen Grottoes
176,41.70722222,124.7938889,Cultural,China,Asia and the Pacific,Imperial Tombs of the Ming and Qing Dynasties
177,40.10972,113.12222,Cultural,China,Asia and the Pacific,Yungang Grottoes
178,27.895,98.40638889,Natural,China,Asia and the Pacific,Three Parallel Rivers of Yunnan Protected Areas
179,22.19129194,113.5364611,Cultural,China,Asia and the Pacific,Historic Centre of Macao
180,23.09327778,102.7799806,Cultural,China,Asia and the Pacific,Cultural Landscape of Honghe Hani Rice Terraces
181,22.28551944,112.5658611,Cultural,China,Asia and the Pacific,Kaiping Diaolou and Villages
182,25.02305556,117.6858333,Cultural,China,Asia and the Pacific,Fujian <em>Tulou</em>
183,36.12666667,114.3138889,Cultural,China,Asia and the Pacific,Yin Xu
139,51.82641667,-95.41127778,Mixed,Canada,Europe and North America,Pimachiowin Aki
140,46.635,-53.21111111,Natural,Canada,Europe and North America,Mistaken Point
141,49.075,-111.6333333,Cultural,Canada,Europe and North America,Writing-on-Stone
142,9,21.5,Natural,Central African Republic,Africa,Manovo-Gounda St Floris National Park
143,19.055,20.50555556,Natural,Chad,Africa,Lakes of Ounianga
144,17.04166667,21.86277778,Mixed,Chad,Africa,Ennedi Massif: Natural and Cultural Landscape
145,-27.15,-109.45,Cultural,Chile,Latin America and the Caribbean,Rapa Nui National Park
146,-33.04063889,-71.628,Cultural,Chile,Latin America and the Caribbean,Historic Quarter of the Seaport City of Valparaíso
147,-42.5,-73.76666667,Cultural,Chile,Latin America and the Caribbean,Churches of Chiloé
148,-20.20582,-69.79406,Cultural,Chile,Latin America and the Caribbean,Humberstone and Santa Laura Saltpeter Works
149,-34.08444444,-70.38277778,Cultural,Chile,Latin America and the Caribbean,Sewell Mining Town
150,36.26667,117.1,Mixed,China,Asia and the Pacific,Mount Taishan
151,40.41667,116.08333,Cultural,China,Asia and the Pacific,The Great Wall
152,41.79416667,123.4469444,Cultural,China,Asia and the Pacific,Imperial Palaces of the Ming and Qing Dynasties in Beijing and Shenyang
153,40.13333,94.81667,Cultural,China,Asia and the Pacific,Mogao Caves
154,34.38333333,109.1,Cultural,China,Asia and the Pacific,Mausoleum of the First Qin Emperor
155,39.73333333,115.9166667,Cultural,China,Asia and the Pacific,Peking Man Site at Zhoukoudian
156,30.16667,118.18333,Mixed,China,Asia and the Pacific,Mount Huangshan
157,33.08333,103.91667,Natural,China,Asia and the Pacific,Jiuzhaigou Valley Scenic and Historic Interest Area
158,32.75417,103.82222,Natural,China,Asia and the Pacific,Huanglong Scenic and Historic Interest Area
159,29.33333,110.5,Natural,China,Asia and the Pacific,Wulingyuan Scenic and Historic Interest Area
160,40.98694,117.93833,Cultural,China,Asia and the Pacific,"Mountain Resort and its Outlying Temples, Chengde"
189,34.45874722,113.0677194,Cultural,China,Asia and the Pacific,Historic Monuments of Dengfeng in ⿿The Centre of Heaven and Earth⿝
190,30.2375,120.1408333,Cultural,China,Asia and the Pacific,West Lake Cultural Landscape of Hangzhou
191,28.42194444,106.0425,Natural,China,Asia and the Pacific,China Danxia
192,24.66888889,102.9772222,Natural,China,Asia and the Pacific,Chengjiang Fossil Site
193,42.358,116.1851278,Cultural,China,Asia and the Pacific,Site of Xanadu
194,41.96833333,80.35416667,Natural,China,Asia and the Pacific,Xinjiang Tianshan
195,34.69388889,112.4683333,Cultural,China,Asia and the Pacific,The Grand Canal
196,28.99861111,109.9669444,Cultural,China,Asia and the Pacific,Tusi Sites
197,22.25555556,107.0230556,Cultural,China,Asia and the Pacific,Zuojiang Huashan Rock Art Cultural Landscape
198,31.46972222,110.2438889,Natural,China,Asia and the Pacific,Hubei Shennongjia
199,35.38027778,92.43916667,Natural,China,Asia and the Pacific,Qinghai Hoh Xil
200,24.4475,118.0619444,Cultural,China,Asia and the Pacific,"Kulangsu, a Historic International Settlement"
201,27.89555556,108.68,Natural,China,Asia and the Pacific,Fanjingshan
202,30.39555556,119.9908333,Cultural,China,Asia and the Pacific,Archaeological Ruins of Liangzhu City
203,32.93194444,121.0168139,Natural,China,Asia and the Pacific,Migratory Bird Sanctuaries along the Coast of Yellow Sea-Bohai Gulf of China (Phase I)
212,5.533333333,-87.06666667,Natural,Costa Rica,Latin America and the Caribbean,Cocos Island National Park
213,10.85,-85.61666667,Natural,Costa Rica,Latin America and the Caribbean,Area de Conservación Guanacaste
214,8.911388889,-83.4775,Cultural,Costa Rica,Latin America and the Caribbean,Precolumbian Chiefdom Settlements with Stone Spheres of the Diquís
215,5.75,-7.66667,Natural,Côte d'Ivoire,Africa,Taï National Park
216,9,-4,Natural,Côte d'Ivoire,Africa,Comoé National Park
217,5.195833333,3.736388889,Cultural,Côte d'Ivoire,Africa,Historic Town of Grand-Bassam
218,42.65056,18.09139,Cultural,Croatia,Europe and North America,Old City of Dubrovnik
219,43.50944,16.44333,Cultural,Croatia,Europe and North America,Historical Complex of Split with the Palace of Diocletian
220,44.87778,15.61444,Natural,Croatia,Europe and North America,Plitvice Lakes National Park
227,20.45,-75,Natural,Cuba,Latin America and the Caribbean,Alejandro de Humboldt National Park
228,22.61667,-83.71667,Cultural,Cuba,Latin America and the Caribbean,Viñales Valley
229,19.96666667,-75.87083333,Cultural,Cuba,Latin America and the Caribbean,"San Pedro de la Roca Castle, Santiago de Cuba"
230,19.88333,-77.63333,Natural,Cuba,Latin America and the Caribbean,Desembarco del Granma National Park
231,20.03,-75.39138889,Cultural,Cuba,Latin America and the Caribbean,Archaeological Landscape of the First Coffee Plantations in the South-East of Cuba
221,45.22917,13.59444,Cultural,Croatia,Europe and North America,Episcopal Complex of the Euphrasian Basilica in the Historic Centre of Poreč
222,43.5125,16.25167,Cultural,Croatia,Europe and North America,Historic City of Trogir
223,43.73629,15.89038,Cultural,Croatia,Europe and North America,The Cathedral of St James in Šibenik
224,43.18166667,16.63861111,Cultural,Croatia,Europe and North America,Stari Grad Plain
225,23.13333333,-82.35,Cultural,Cuba,Latin America and the Caribbean,Old Havana and its Fortification System
226,21.80305556,-79.98444444,Cultural,Cuba,Latin America and the Caribbean,Trinidad and the Valley de los Ingenios
204,10.41666667,-75.53333333,Cultural,Colombia,Latin America and the Caribbean,"Port, Fortresses and Group of Monuments, Cartagena"
205,7.666666667,-77,Natural,Colombia,Latin America and the Caribbean,Los Katíos National Park
206,9.233333333,-74.43333333,Cultural,Colombia,Latin America and the Caribbean,Historic Centre of Santa Cruz de Mompox
207,2.583333333,-76.03333333,Cultural,Colombia,Latin America and the Caribbean,National Archeological Park of Tierradentro
208,1.916666667,-76.23333333,Cultural,Colombia,Latin America and the Caribbean,San Agustín Archaeological Park
209,5.471666667,-75.68166667,Cultural,Colombia,Latin America and the Caribbean,Coffee Cultural Landscape of Colombia
210,0.525277778,-72.79722222,Mixed,Colombia,Latin America and the Caribbean,Chiribiquete National Park ⿿ ⿿The Maloca of the Jaguar⿝
211,3.966666667,-81.61666667,Natural,Colombia,Latin America and the Caribbean,Malpelo Fauna and Flora Sanctuary
184,41.15694444,126.1872222,Cultural,China,Asia and the Pacific,Capital Cities and Tombs of the Ancient Koguryo Kingdom
185,30.83333333,103,Natural,China,Asia and the Pacific,"Sichuan Giant Panda Sanctuaries - Wolong, Mt Siguniang and Jiajin Mountains "
186,24.92333333,110.3544444,Natural,China,Asia and the Pacific,South China Karst
187,39.03055556,113.5633333,Cultural,China,Asia and the Pacific,Mount Wutai
188,28.91583333,118.0644444,Natural,China,Asia and the Pacific,Mount Sanqingshan National Park
254,-2.5,28.75,Natural,Democratic Republic of the Congo,Africa,Kahuzi-Biega National Park
255,-2,21,Natural,Democratic Republic of the Congo,Africa,Salonga National Park
256,2,28.5,Natural,Democratic Republic of the Congo,Africa,Okapi Wildlife Reserve
257,55.64222222,12.07972222,Cultural,Denmark,Europe and North America,Roskilde Cathedral
258,56.03889,12.62083333,Cultural,Denmark,Europe and North America,Kronborg Castle
259,55.75638889,9.42,Cultural,Denmark,Europe and North America,"Jelling Mounds, Runic Stones and Church"
260,69.13333333,-49.5,Natural,Denmark,Europe and North America,Ilulissat Icefjord
261,55.26722222,12.42333333,Natural,Denmark,Europe and North America,Stevns Klint
262,55.35555556,9.481388889,Cultural,Denmark,Europe and North America,"Christiansfeld, a Moravian Church Settlement"
263,55.91361111,12.35777778,Cultural,Denmark,Europe and North America,The par force hunting landscape in North Zealand
264,61.16444444,-45.59805556,Cultural,Denmark,Europe and North America,Kujataa Greenland: Norse and Inuit Farming at the Edge of the Ice Cap
265,67.06393056,-51.43320556,Cultural,Denmark,Europe and North America,Aasivissuit ⿿ Nipisat. Inuit Hunting Ground between Ice and Sea
266,15.26666667,-61.28333333,Natural,Dominica,Latin America and the Caribbean,Morne Trois Pitons National Park
267,18.48333333,-69.91666667,Cultural,Dominican Republic,Latin America and the Caribbean,Colonial City of Santo Domingo
268,-0.81667,-91,Natural,Ecuador,Latin America and the Caribbean,Galápagos Islands
269,-0.003888889,-78.5,Cultural,Ecuador,Latin America and the Caribbean,City of Quito
270,-1.83333,-78.33333,Natural,Ecuador,Latin America and the Caribbean,Sangay National Park
271,-2.883333333,-78.98333333,Cultural,Ecuador,Latin America and the Caribbean,Historic Centre of Santa Ana de los Ríos de Cuenca
272,29.97604,31.13041,Cultural,Egypt,Arab States,Memphis and its Necropolis ⿿ the Pyramid Fields from Giza to Dahshur
273,25.73333,32.6,Cultural,Egypt,Arab States,Ancient Thebes with its Necropolis
274,22.33722222,31.62580556,Cultural,Egypt,Arab States,Nubian Monuments from Abu Simbel to Philae
275,30.05,31.26111,Cultural,Egypt,Arab States,Historic Cairo
276,30.83583333,29.66666667,Cultural,Egypt,Arab States,Abu Mena
277,28.55623,33.97543,Cultural,Egypt,Arab States,Saint Catherine Area
278,29.33333,30.18333,Natural,Egypt,Arab States,Wadi Al-Hitan (Whale Valley)
279,13.8275,-89.36916667,Cultural,El Salvador,Latin America and the Caribbean,Joya de Cerén Archaeological Site
280,15.33527778,38.93583333,Cultural,Eritrea,Africa,Asmara: A Modernist African City
281,59.43333,24.73333333,Cultural,Estonia,Europe and North America,Historic Centre (Old Town) of Tallinn
282,13.18333333,38.06666667,Natural,Ethiopia,Africa,Simien National Park
283,11.10006,40.57939,Cultural,Ethiopia,Africa,Lower Valley of the Awash
284,8.43491,38.6121,Cultural,Ethiopia,Africa,Tiya
285,14.13019,38.71861,Cultural,Ethiopia,Africa,Aksum
286,4.8,35.96666667,Cultural,Ethiopia,Africa,Lower Valley of the Omo
287,12.02935,39.04042,Cultural,Ethiopia,Africa,"Rock-Hewn Churches, Lalibela"
288,12.60692,37.46617,Cultural,Ethiopia,Africa,"Fasil Ghebbi, Gondar Region"
289,9.308888889,42.13777778,Cultural,Ethiopia,Africa,"Harar Jugol, the Fortified Historic Town"
290,5.3,37.4,Cultural,Ethiopia,Africa,Konso Cultural Landscape
291,-17.68337778,178.8345333,Cultural,Fiji,Asia and the Pacific,Levuka Historical Port Town
292,61.12056,21.7775,Cultural,Finland,Europe and North America,Bronze Age Burial Site of Sammallahdenmäki
293,61.12806,21.51167,Cultural,Finland,Europe and North America,Old Rauma
294,60.14722,24.98722,Cultural,Finland,Europe and North America,Fortress of Suomenlinna
295,62.25,25.18333,Cultural,Finland,Europe and North America,Petäjävesi Old Church
296,61.06194,26.64083,Cultural,Finland,Europe and North America,Verla Groundwood and Board Mill
232,22.14722,-80.45278,Cultural,Cuba,Latin America and the Caribbean,Urban Historic Centre of Cienfuegos
233,21.37861111,-77.91861111,Cultural,Cuba,Latin America and the Caribbean,Historic Centre of Camagüey
234,34.75833,32.40556,Cultural,Cyprus,Europe and North America,Paphos
235,34.92027778,33.09583333,Cultural,Cyprus,Europe and North America,Painted Churches in the Troodos Region
236,34.79833,33.34333,Cultural,Cyprus,Europe and North America,Choirokoitia
237,50.08972,14.41944,Cultural,Czechia,Europe and North America,Historic Centre of Prague
238,48.81666667,14.31666667,Cultural,Czechia,Europe and North America,Historic Centre of Ŀeský Krumlov
239,49.18333,15.45,Cultural,Czechia,Europe and North America,Historic Centre of Telč
240,49.5802,15.94205833,Cultural,Czechia,Europe and North America,Pilgrimage Church of St John of Nepomuk at Zelená Hora
241,49.95,15.26666667,Cultural,Czechia,Europe and North America,Kutná Hora: Historical Town Centre with the Church of St Barbara and the Cathedral of Our Lady at Sedlec
242,48.77583,16.775,Cultural,Czechia,Europe and North America,Lednice-Valtice Cultural Landscape
243,49.59393611,17.25045833,Cultural,Czechia,Europe and North America,Holy Trinity Column in Olomouc
244,49.3,17.37722222,Cultural,Czechia,Europe and North America,Gardens and Castle at KromĿſíž
245,48.95972222,14.25277778,Cultural,Czechia,Europe and North America,Holašovice Historic Village
246,49.87361,16.31444,Cultural,Czechia,Europe and North America,Litomyšl Castle
247,49.20718333,16.61605556,Cultural,Czechia,Europe and North America,Tugendhat Villa in Brno
248,49.21722222,15.87888889,Cultural,Czechia,Europe and North America,Jewish Quarter and St Procopius' Basilica in Tſebíč
249,50.05665,15.48425833,Cultural,Czechia,Europe and North America,Landscape for Breeding and Training of Ceremonial Carriage Horses at Kladruby nad Labem
250,38.86305556,125.415,Cultural,Democratic People's Republic of Korea,Asia and the Pacific,Complex of Koguryo Tombs
251,37.98166667,126.5080556,Cultural,Democratic People's Republic of Korea,Asia and the Pacific,Historic Monuments and Sites in Kaesong
252,0.916666667,29.16666667,Natural,Democratic Republic of the Congo,Africa,Virunga National Park
253,4,29.25,Natural,Democratic Republic of the Congo,Africa,Garamba National Park
308,43.95277778,4.806111111,Cultural,France,Europe and North America,"Historic Centre of Avignon: Papal Palace, Episcopal Ensemble and Avignon Bridge"
309,48.69361111,6.183333333,Cultural,France,Europe and North America,"Place Stanislas, Place de la Carrière and Place d'Alliance in Nancy"
310,46.56472,0.86611,Cultural,France,Europe and North America,Abbey Church of Saint-Savin sur Gartempe
311,42.32519444,8.628833333,Natural,France,Europe and North America,"Gulf of Porto: Calanche of Piana, Gulf of Girolata, Scandola Reserve"
312,43.94722222,4.535277778,Cultural,France,Europe and North America,Pont du Gard (Roman Aqueduct)
313,43.21055556,2.358888889,Cultural,France,Europe and North America,Historic Fortified City of Carcassonne
314,48.58444444,7.748888889,Cultural,France,Europe and North America,"Strasbourg, Grande-ÿle and <em>Neustadt</em>"
315,48.85833333,2.294166667,Cultural,France,Europe and North America,"Paris, Banks of the Seine"
316,49.25333333,4.032777778,Cultural,France,Europe and North America,"Cathedral of Notre-Dame, Former Abbey of Saint-Rémi and Palace of Tau, Reims"
317,47.08222222,2.398333333,Cultural,France,Europe and North America,Bourges Cathedral
318,43.61138889,1.416388889,Cultural,France,Europe and North America,Canal du Midi
319,45.18405556,0.722944444,Cultural,France,Europe and North America,Routes of Santiago de Compostela in France
320,45.76722,4.83333,Cultural,France,Europe and North America,Historic Site of Lyon
321,48.55972222,3.298888889,Cultural,France,Europe and North America,"Provins, Town of Medieval Fairs"
322,44.89472222,-0.155277778,Cultural,France,Europe and North America,Jurisdiction of Saint-Emilion
323,47.39889,0.70278,Cultural,France,Europe and North America,The Loire Valley between Sully-sur-Loire and Chalonnes
330,43.92833333,2.1425,Cultural,France,Europe and North America,Episcopal City of Albi
331,50.4625,3.546111111,Cultural,France,Europe and North America,Nord-Pas de Calais Mining Basin
332,47.05805556,4.864444444,Cultural,France,Europe and North America,"The Climats, terroirs of Burgundy"
333,44.3875,4.416111111,Cultural,France,Europe and North America,"Decorated Cave of Pont d⿿Arc, known as Grotte Chauvet-Pont d⿿Arc, Ardèche"
334,45.77938889,2.965111111,Natural,France,Europe and North America,Chaîne des Puys - Limagne fault tectonic arena
335,49.0775,3.946111111,Cultural,France,Europe and North America,"Champagne Hillsides, Houses and Cellars"
345,49.79278,9.93889,Cultural,Germany,Europe and North America,Würzburg Residence with the Court Gardens and Residence Square
346,52.15278,9.94389,Cultural,Germany,Europe and North America,St Mary's Cathedral and St Michael's Church at Hildesheim
347,47.68127778,10.90013889,Cultural,Germany,Europe and North America,Pilgrimage Church of Wies
348,53.86667,10.69167,Cultural,Germany,Europe and North America,Hanseatic City of Lübeck
349,50.82502778,6.909777778,Cultural,Germany,Europe and North America,Castles of Augustusburg and Falkenlust at Brühl
350,50.94111111,6.957222222,Cultural,Germany,Europe and North America,Cologne Cathedral
351,49.75,6.633333333,Cultural,Germany,Europe and North America,"Roman Monuments, Cathedral of St Peter and Church of Our Lady in Trier"
352,49.65369,8.56858,Cultural,Germany,Europe and North America,Abbey and Altenmünster of Lorsch
353,52.4,13.03333333,Cultural,Germany,Europe and North America,Palaces and Parks of Potsdam and Berlin
354,51.8425,12.42083,Cultural,Germany,Europe and North America,Garden Kingdom of Dessau-Wörlitz
355,51.78333,11.15,Cultural,Germany,Europe and North America,"Collegiate Church, Castle and Old Town of Quedlinburg"
336,-16.8414,-151.3723778,Cultural,France,Europe and North America,Taputapuātea
337,-49.38036111,69.35280556,Natural,France,Europe and North America,French Austral Lands and Seas
338,-0.5,11.5,Mixed,Gabon,Africa,Ecosystem and Relict Cultural Landscape of Lopé-Okanda
339,13.31616667,-16.35719444,Cultural,Gambia (the),Africa,Kunta Kinteh Island and Related Sites
340,41.84389,44.71639,Cultural,Georgia,Europe and North America,Historical Monuments of Mtskheta
341,42.91639,43.01139,Cultural,Georgia,Europe and North America,Upper Svaneti
342,42.29472222,42.76833333,Cultural,Georgia,Europe and North America,Gelati Monastery
343,50.77444444,6.084444444,Cultural,Germany,Europe and North America,Aachen Cathedral
344,49.31666667,8.443055556,Cultural,Germany,Europe and North America,Speyer Cathedral
324,-20.41194444,164.5663889,Natural,France,Europe and North America,Lagoons of New Caledonia: Reef Diversity and Associated Ecosystems
325,44.22027778,3.473055556,Cultural,France,Europe and North America,"The Causses and the Cévennes, Mediterranean agro-pastoral Cultural Landscape"
326,49.49278,0.1075,Cultural,France,Europe and North America,"Le Havre, the City Rebuilt by Auguste Perret"
327,44.83888889,-0.572222222,Cultural,France,Europe and North America,"Bordeaux, Port of the Moon"
328,47.23611111,6.026944444,Cultural,France,Europe and North America,Fortifications of Vauban
329,-21.09944444,55.48,Natural,France,Europe and North America,"Pitons, cirques and remparts of Reunion Island"
297,48.63556,-1.51056,Cultural,France,Europe and North America,Mont-Saint-Michel and its Bay
298,48.4475,1.487222222,Cultural,France,Europe and North America,Chartres Cathedral
299,48.805,2.119444444,Cultural,France,Europe and North America,Palace and Park of Versailles
300,47.46638889,3.748333333,Cultural,France,Europe and North America,"Vézelay, Church and Hill"
301,45.0575,1.17,Cultural,France,Europe and North America,Prehistoric Sites and Decorated Caves of the Vézère Valley
302,48.40194444,2.698055556,Cultural,France,Europe and North America,Palace and Park of Fontainebleau
303,49.895,2.301666667,Cultural,France,Europe and North America,Amiens Cathedral
304,44.13572222,4.808416667,Cultural,France,Europe and North America,"Roman Theatre and its Surroundings and the ""Triumphal Arch"" of Orange"
305,43.67763889,4.630694444,Cultural,France,Europe and North America,"Arles, Roman and Romanesque Monuments"
306,47.63944,4.38911,Cultural,France,Europe and North America,Cistercian Abbey of Fontenay
307,46.9375,5.876388889,Cultural,France,Europe and North America,"From the Great Saltworks of Salins-les-Bains to the Royal Saltworks of Arc-et-Senans, the Production of Open-pan Salt "
374,49.94444444,11.57861111,Cultural,Germany,Europe and North America,Margravial Opera House Bayreuth
375,51.31583333,9.393055556,Cultural,Germany,Europe and North America,Bergpark Wilhelmshöhe
376,51.77827778,9.41025,Cultural,Germany,Europe and North America,Carolingian Westwork and Civitas Corvey
377,53.54555556,9.999444444,Cultural,Germany,Europe and North America,Speicherstadt and Kontorhaus District with Chilehaus
378,51.15480556,11.804,Cultural,Germany,Europe and North America,Naumburg Cathedral
379,48.38777778,9.765555556,Cultural,Germany,Europe and North America,Caves and Ice Age Art in the Swabian Jura
380,54.46194444,9.454111111,Cultural,Germany,Europe and North America,Archaeological Border complex of Hedeby and the Danevirke
381,48.36547222,10.902,Cultural,Germany,Europe and North America,Water Management System of Augsburg
382,5.39103,-0.49361,Cultural,Ghana,Africa,"Forts and Castles, Volta, Greater Accra, Central and Western Regions"
383,6.401111111,-1.625833333,Cultural,Ghana,Africa,Asante Traditional Buildings
384,37.43498,21.89694,Cultural,Greece,Europe and North America,Temple of Apollo Epicurius at Bassae
385,38.48149,22.49617,Cultural,Greece,Europe and North America,Archaeological Site of Delphi
386,37.97087,23.72618,Cultural,Greece,Europe and North America,"Acropolis, Athens"
387,40.26667,24.21667,Mixed,Greece,Europe and North America,Mount Athos
388,39.71667,21.63333,Mixed,Greece,Europe and North America,Meteora
389,40.63833,22.965,Cultural,Greece,Europe and North America,Paleochristian and Byzantine Monuments of Thessalonika
390,37.66666667,23.11666667,Cultural,Greece,Europe and North America,Sanctuary of Asklepios at Epidaurus
391,36.44722,28.22778,Cultural,Greece,Europe and North America,Medieval City of Rhodes
392,37.08056,22.36667,Cultural,Greece,Europe and North America,Archaeological Site of Mystras
393,37.65,21.66666667,Cultural,Greece,Europe and North America,Archaeological Site of Olympia
394,37.4,25.26667,Cultural,Greece,Europe and North America,Delos
395,38.4,22.75,Cultural,Greece,Europe and North America,"Monasteries of Daphni, Hosios Loukas and Nea Moni of Chios"
396,37.69083,26.94333,Cultural,Greece,Europe and North America,Pythagoreion and Heraion of Samos
397,40.47139,22.31833,Cultural,Greece,Europe and North America,Archaeological Site of Aigai (modern name Vergina)
398,37.73333333,22.75,Cultural,Greece,Europe and North America,Archaeological Sites of Mycenae and Tiryns
399,37.3,26.55,Cultural,Greece,Europe and North America,The Historic Centre (Chorá) with the Monastery of Saint-John the Theologian and the Cave of the Apocalypse on the Island of Pátmos
400,39.62394139,19.9275,Cultural,Greece,Europe and North America,Old Town of Corfu
401,41.01472222,24.28527778,Cultural,Greece,Europe and North America,Archaeological Site of Philippi
402,17.21666667,-89.61666667,Mixed,Guatemala,Latin America and the Caribbean,Tikal National Park
403,14.56666667,-90.66666667,Cultural,Guatemala,Latin America and the Caribbean,Antigua Guatemala
404,15.27059,-89.04025,Cultural,Guatemala,Latin America and the Caribbean,Archaeological Park and Ruins of Quirigua
405,19.57361,-72.24417,Cultural,Haiti,Latin America and the Caribbean,"National History Park ⿿ Citadel, Sans Souci, Ramiers"
406,41.90216,12.45736,Cultural,Holy See,Europe and North America,Vatican City
407,14.85,-89.13333,Cultural,Honduras,Latin America and the Caribbean,Maya Site of Copan
408,15.74444444,-84.675,Natural,Honduras,Latin America and the Caribbean,Río Plátano Biosphere Reserve
409,47.48242,19.07067,Cultural,Hungary,Europe and North America,"Budapest, including the Banks of the Danube, the Buda Castle Quarter and Andrássy Avenue"
410,47.99444,19.52917,Cultural,Hungary,Europe and North America,Old Village of Hollókſ and its Surroundings
411,47.59458,21.15678,Cultural,Hungary,Europe and North America,Hortobágy National Park - the <i>Puszta</i>
412,47.55889,17.78444,Cultural,Hungary,Europe and North America,Millenary Benedictine Abbey of Pannonhalma and its Natural Environment
413,46.07444,18.22778,Cultural,Hungary,Europe and North America,Early Christian Necropolis of Pécs (Sopianae)
414,48.15,21.35,Cultural,Hungary,Europe and North America,Tokaj Wine Region Historic Cultural Landscape
356,49.00083,8.81306,Cultural,Germany,Europe and North America,Maulbronn Monastery Complex
357,51.82,10.34,Cultural,Germany,Europe and North America,"Mines of Rammelsberg, Historic Town of Goslar and Upper Harz Water Management  System"
358,49.89166667,10.88888889,Cultural,Germany,Europe and North America,Town of Bamberg
359,49.24444,6.85,Cultural,Germany,Europe and North America,Völklingen Ironworks
360,49.91667,8.75389,Natural,Germany,Europe and North America,Messel Pit Fossil Site
361,50.97477778,11.3295,Cultural,Germany,Europe and North America,"Bauhaus and its Sites in Weimar, Dessau and Bernau"
362,51.86472,12.65278,Cultural,Germany,Europe and North America,Luther Memorials in Eisleben and Wittenberg
363,50.9775,11.32861,Cultural,Germany,Europe and North America,Classical Weimar
364,52.51972222,13.39861111,Cultural,Germany,Europe and North America,"Museumsinsel (Museum Island), Berlin"
365,50.96677778,10.307,Cultural,Germany,Europe and North America,Wartburg Castle
366,47.69872222,9.061305556,Cultural,Germany,Europe and North America,Monastic Island of Reichenau
367,51.49138889,7.046111111,Cultural,Germany,Europe and North America,Zollverein Coal Mine Industrial Complex in Essen
368,50.17361111,7.694166667,Cultural,Germany,Europe and North America,Upper Middle Rhine Valley
369,54.3025,13.08527778,Cultural,Germany,Europe and North America,Historic Centres of Stralsund and Wismar
370,53.07597222,8.807472222,Cultural,Germany,Europe and North America,Town Hall and Roland on the Marketplace of Bremen
371,49.02055556,12.09916667,Cultural,Germany,Europe and North America,Old town of Regensburg with Stadtamhof
372,52.44833333,13.45,Cultural,Germany,Europe and North America,Berlin Modernism Housing Estates
373,51.98361111,9.811111111,Cultural,Germany,Europe and North America,Fagus Factory in Alfeld
422,15.94833,75.81667,Cultural,India,Asia and the Pacific,Group of Monuments at Pattadakal
423,24.85222,79.92222,Cultural,India,Asia and the Pacific,Khajuraho Group of Monuments
424,15.31444,76.47167,Cultural,India,Asia and the Pacific,Group of Monuments at Hampi
425,20.55333,75.7,Cultural,India,Asia and the Pacific,Ajanta Caves
426,20.02639,75.17917,Cultural,India,Asia and the Pacific,Ellora Caves
427,18.96667,72.93583,Cultural,India,Asia and the Pacific,Elephanta Caves
428,19.8875,86.09472,Cultural,India,Asia and the Pacific,"Sun Temple, Konârak"
429,24.88333333,74.64611111,Cultural,India,Asia and the Pacific,Hill Forts of Rajasthan
430,12.61667,80.19167,Cultural,India,Asia and the Pacific,Group of Monuments at Mahabalipuram
431,10.78305556,79.1325,Cultural,India,Asia and the Pacific,Great Living Chola Temples
432,27.18333333,78.03333333,Cultural,India,Asia and the Pacific,Agra Fort
433,27.17417,78.04222,Cultural,India,Asia and the Pacific,Taj Mahal
434,27.09444,77.66417,Cultural,India,Asia and the Pacific,Fatehpur Sikri
435,30.71667,79.66667,Natural,India,Asia and the Pacific,Nanda Devi and Valley of Flowers National Parks
436,26.66666667,93.41666667,Natural,India,Asia and the Pacific,Kaziranga National Park
437,26.725,91.03055556,Natural,India,Asia and the Pacific,Manas Wildlife Sanctuary
438,27.15888889,77.50861111,Natural,India,Asia and the Pacific,Keoladeo National Park
439,21.945,88.89583333,Natural,India,Asia and the Pacific,Sundarbans National Park
440,23.47944,77.73972,Cultural,India,Asia and the Pacific,Buddhist Monuments at Sanchi
445,24.69528,84.99389,Cultural,India,Asia and the Pacific,Mahabodhi Temple Complex at Bodh Gaya
446,22.48333333,73.53333333,Cultural,India,Asia and the Pacific,Champaner-Pavagadh Archaeological Park
447,26.92472222,75.825,Cultural,India,Asia and the Pacific,"The Jantar Mantar, Jaipur"
448,8.529722222,77.24972222,Natural,India,Asia and the Pacific,Western Ghats
449,31.83333333,77.58333333,Natural,India,Asia and the Pacific,Great Himalayan National Park Conservation Area
458,-8.54333,119.48944,Natural,Indonesia,Asia and the Pacific,Komodo National Park
459,-7.75222,110.49167,Cultural,Indonesia,Asia and the Pacific,Prambanan Temple Compounds
460,-4.75,137.83333,Natural,Indonesia,Asia and the Pacific,Lorentz National Park
461,-2.5,101.5,Natural,Indonesia,Asia and the Pacific,Tropical Rainforest Heritage of Sumatra
450,18.92980556,72.83008333,Cultural,India,Asia and the Pacific,Victorian Gothic and Art Deco Ensembles of Mumbai
451,25.13666667,85.44388889,Cultural,India,Asia and the Pacific,"Archaeological Site of Nalanda Mahavihara at Nalanda, Bihar"
452,27.76472222,88.37722222,Mixed,India,Asia and the Pacific,Khangchendzonga National Park
453,23.02638889,72.58805556,Cultural,India,Asia and the Pacific,Historic City of Ahmadabad
454,26.90786111,75.78722222,Cultural,India,Asia and the Pacific,"Jaipur City, Rajasthan"
455,-7.60778,110.20361,Cultural,Indonesia,Asia and the Pacific,Borobudur Temple Compounds
456,-7.4,110.8166667,Cultural,Indonesia,Asia and the Pacific,Sangiran Early Man Site
457,-6.75,105.3333333,Natural,Indonesia,Asia and the Pacific,Ujung Kulon National Park
441,23.85888889,72.10166667,Cultural,India,Asia and the Pacific,"Rani-ki-Vav (the Queen⿿s Stepwell) at Patan, Gujarat"
442,22.92777778,77.58333333,Cultural,India,Asia and the Pacific,Rock Shelters of Bhimbetka
443,11.51028,76.93583,Cultural,India,Asia and the Pacific,Mountain Railways of India
444,18.94012222,72.83620278,Cultural,India,Asia and the Pacific,Chhatrapati Shivaji Terminus (formerly Victoria Terminus)
415,64.25380556,-21.03725,Cultural,Iceland,Europe and North America,ÿingvellir National Park
416,63.30305556,-20.60222222,Natural,Iceland,Europe and North America,Surtsey
417,64.577363,-16.88154044,Natural,Iceland,Europe and North America,Vatnajökull National Park - dynamic nature of fire and ice
418,28.65555556,77.24083333,Cultural,India,Asia and the Pacific,Red Fort Complex
419,28.59333,77.25056,Cultural,India,Asia and the Pacific,"Humayun's Tomb, Delhi"
420,28.52583,77.18528,Cultural,India,Asia and the Pacific,"Qutb Minar and its Monuments, Delhi"
421,15.50222,73.91167,Cultural,India,Asia and the Pacific,Churches and Convents of Goa
477,32.66972222,51.68527778,Cultural,Iran (Islamic Republic of),Asia and the Pacific,Masjed-e Jāmé of Isfahan
478,37.25802778,55.169,Cultural,Iran (Islamic Republic of),Asia and the Pacific,Gonbad-e Qābus
479,35.68036667,51.42051111,Cultural,Iran (Islamic Republic of),Asia and the Pacific,Golestan Palace
480,30.16805556,55.37555556,Cultural,Iran (Islamic Republic of),Asia and the Pacific,Cultural Landscape of Maymand
481,32.18944444,48.25611111,Cultural,Iran (Islamic Republic of),Asia and the Pacific,Susa
482,30.59388889,61.32777778,Cultural,Iran (Islamic Republic of),Asia and the Pacific,Shahr-i Sokhta
483,30.21611111,58.83888889,Natural,Iran (Islamic Republic of),Asia and the Pacific,Lut Desert
484,34.29,58.65444444,Cultural,Iran (Islamic Republic of),Asia and the Pacific,The Persian Qanat
485,31.90138889,54.36916667,Cultural,Iran (Islamic Republic of),Asia and the Pacific,Historic City of Yazd
486,29.77748056,51.57045,Cultural,Iran (Islamic Republic of),Asia and the Pacific,Sassanid Archaeological Landscape of Fars Region
487,37.42147222,55.72427778,Natural,Iran (Islamic Republic of),Asia and the Pacific,Hyrcanian Forests
488,34.34098944,43.82354306,Cultural,Iraq,Arab States,Samarra Archaeological City
489,35.58806,42.71833,Cultural,Iraq,Arab States,Hatra
490,32.54196944,44.42083333,Cultural,Iraq,Arab States,Babylon
491,35.45666667,43.26111111,Cultural,Iraq,Arab States,Ashur (Qal'at Sherqat)
492,36.19111111,44.00916667,Cultural,Iraq,Arab States,Erbil Citadel
493,31.56222222,47.65777778,Mixed,Iraq,Arab States,The Ahwar of Southern Iraq: Refuge of Biodiversity and the Relict Landscape of the Mesopotamian Cities
494,53.69167,-6.45,Cultural,Ireland,Europe and North America,Brú na Bóinne - Archaeological Ensemble of the Bend of the Boyne
495,51.77194,-10.53861,Cultural,Ireland,Europe and North America,Sceilg Mhichíl
496,31.3135,35.35275,Cultural,Israel,Europe and North America,Masada
497,32.92833333,35.08388889,Cultural,Israel,Europe and North America,Old City of Acre
498,32.06666667,34.78333333,Cultural,Israel,Europe and North America,White City of Tel-Aviv ⿿ the Modern Movement
499,30.54111,35.16083,Cultural,Israel,Europe and North America,Incense Route - Desert Cities in the Negev
500,32.59722,35.18222,Cultural,Israel,Europe and North America,"Biblical Tels - Megiddo, Hazor, Beer Sheba"
501,32.82939667,34.97164889,Cultural,Israel,Europe and North America,Bahá⿿i Holy Places in Haifa and the Western Galilee
502,31.6,34.89555556,Cultural,Israel,Europe and North America,Caves of Maresha and Bet-Guvrin in the Judean Lowlands as a Microcosm of the Land of the Caves
503,32.67,34.96527778,Cultural,Israel,Europe and North America,Sites of Human Evolution at Mount Carmel: The Nahal Me⿿arot / Wadi el-Mughara Caves
504,32.70222222,35.12694444,Cultural,Israel,Europe and North America,Necropolis of Bet She⿿arim: A Landmark of Jewish Renewal
505,45.46588889,9.1705,Cultural,Italy,Europe and North America,Church and Dominican Convent of Santa Maria delle Grazie with ⿿The Last Supper⿝ by Leonardo da Vinci
506,45.95705556,10.29733333,Cultural,Italy,Europe and North America,Rock Drawings in Valcamonica
507,43.77306,11.25611,Cultural,Italy,Europe and North America,Historic Centre of Florence
508,43.85777778,11.30416667,Cultural,Italy,Europe and North America,Medici Villas and Gardens in Tuscany
509,45.43430556,12.33894444,Cultural,Italy,Europe and North America,Venice and its Lagoon
510,43.72305556,10.39638889,Cultural,Italy,Europe and North America,"Piazza del Duomo, Pisa"
511,41.08480556,16.27094444,Cultural,Italy,Europe and North America,Castel del Monte
512,41.07333,14.32639,Cultural,Italy,Europe and North America,"18th-Century Royal Palace at Caserta with the Park, the Aqueduct of Vanvitelli, and the San Leucio Complex"
513,43.46806,11.04167,Cultural,Italy,Europe and North America,Historic Centre of San Gimignano
462,-8.259166667,115.4027778,Cultural,Indonesia,Asia and the Pacific,Cultural Landscape of Bali Province: the <em>Subak</em> System as a Manifestation of the <em>Tri Hita Karana</em> Philosophy
463,-0.766625556,100.7378833,Cultural,Indonesia,Asia and the Pacific,Ombilin Coal Mining Heritage of Sawahlunto
464,32.0833,48.53333333,Cultural,Iran (Islamic Republic of),Asia and the Pacific,Tchogha Zanbil
465,29.93444,52.89028,Cultural,Iran (Islamic Republic of),Asia and the Pacific,Persepolis
466,32.65745,51.67777778,Cultural,Iran (Islamic Republic of),Asia and the Pacific,"Meidan Emam, Esfahan"
467,36.60388889,47.235,Cultural,Iran (Islamic Republic of),Asia and the Pacific,Takht-e Soleyman
468,30.19383,53.16729,Cultural,Iran (Islamic Republic of),Asia and the Pacific,Pasargadae
469,36.43528,48.79667,Cultural,Iran (Islamic Republic of),Asia and the Pacific,Soltaniyeh
470,29.11683,58.36666667,Cultural,Iran (Islamic Republic of),Asia and the Pacific,Bam and its Cultural Landscape
471,34.38833333,47.43666667,Cultural,Iran (Islamic Republic of),Asia and the Pacific,Bisotun
472,38.97888889,45.47333333,Cultural,Iran (Islamic Republic of),Asia and the Pacific,Armenian Monastic Ensembles of Iran
473,32.01861111,48.83583333,Cultural,Iran (Islamic Republic of),Asia and the Pacific,Shushtar Historical Hydraulic System
474,38.24861111,48.29138889,Cultural,Iran (Islamic Republic of),Asia and the Pacific,Sheikh Safi al-din Khānegāh and Shrine Ensemble in Ardabil
475,38.08138889,46.29305556,Cultural,Iran (Islamic Republic of),Asia and the Pacific,Tabriz Historic Bazaar Complex
476,30.16666667,53.16666667,Cultural,Iran (Islamic Republic of),Asia and the Pacific,The Persian Garden
522,43.07694444,11.67861111,Cultural,Italy,Europe and North America,Historic Centre of the City of Pienza
523,45.43861111,10.99388889,Cultural,Italy,Europe and North America,City of Verona
524,45.07253,7.68572,Cultural,Italy,Europe and North America,Residences of the Royal House of Savoy
525,45.39911111,11.88066667,Cultural,Italy,Europe and North America,"Botanical Garden (Orto Botanico), Padua"
526,45.76833333,13.3675,Cultural,Italy,Europe and North America,Archaeological Area and the Patriarchal Basilica of Aquileia
527,44.10694,9.72917,Cultural,Italy,Europe and North America,"Portovenere, Cinque Terre, and the Islands (Palmaria, Tino and Tinetto)"
528,44.64624,10.92568,Cultural,Italy,Europe and North America,"Cathedral, Torre Civica and Piazza Grande, Modena"
529,43.725,12.63333,Cultural,Italy,Europe and North America,Historic Centre of Urbino
530,40.75,14.48333333,Cultural,Italy,Europe and North America,"Archaeological Areas of Pompei, Herculaneum and Torre Annunziata"
531,40.65,14.6,Cultural,Italy,Europe and North America,Costiera Amalfitana
532,37.28972222,13.59333333,Cultural,Italy,Europe and North America,Archaeological Area of Agrigento
533,37.36611,14.33417,Cultural,Italy,Europe and North America,Villa Romana del Casale
539,36.89319444,15.06891667,Cultural,Italy,Europe and North America,Late Baroque Towns of the Val di Noto (South-Eastern Sicily)
540,41.96391667,12.79625,Cultural,Italy,Europe and North America,"Villa d'Este, Tivoli"
541,43.06666667,11.55,Cultural,Italy,Europe and North America,Val d'Orcia
542,45.97455556,9.169555556,Cultural,Italy,Europe and North America,<I>Sacri Monti</I> of Piedmont and Lombardy
547,45.15944444,10.79444444,Cultural,Italy,Europe and North America,Mantua and Sabbioneta
548,46.09416667,13.43305556,Cultural,Italy,Europe and North America,Longobards in Italy. Places of the Power (568-774 A.D.)
549,44.60861111,7.963611111,Cultural,Italy,Europe and North America,Vineyard Landscape of Piedmont: Langhe-Roero and Monferrato
550,37.75611111,14.99666667,Natural,Italy,Europe and North America,Mount Etna
551,38.11083333,13.35305556,Cultural,Italy,Europe and North America,Arab-Norman Palermo and the Cathedral Churches of Cefalú and Monreale
552,45.4575,7.869166667,Cultural,Italy,Europe and North America,"Ivrea, industrial city of the 20th century"
553,45.95302778,12.22611111,Cultural,Italy,Europe and North America,Le Colline del Prosecco di Conegliano e Valdobbiadene
543,42.00683333,12.10188889,Cultural,Italy,Europe and North America,Etruscan Necropolises of Cerveteri and Tarquinia
544,37.05944,15.29306,Cultural,Italy,Europe and North America,Syracuse and the Rocky Necropolis of Pantalica
545,44.41222222,8.931111111,Cultural,Italy,Europe and North America,Genoa: <i>Le Strade Nuove</i> and the system of the<i> Palazzi dei Rolli</i>
546,46.61305556,12.16305556,Natural,Italy,Europe and North America,The Dolomites
534,39.70583333,8.991388889,Cultural,Italy,Europe and North America,Su Nuraxi di Barumini
535,40.28333333,15.26666667,Cultural,Italy,Europe and North America,"Cilento and Vallo di Diano National Park with the Archeological Sites of Paestum and Velia, and the Certosa di Padula"
536,41.94416667,12.77197222,Cultural,Italy,Europe and North America,Villa Adriana (Tivoli)
537,38.48786111,14.94558333,Natural,Italy,Europe and North America,Isole Eolie (Aeolian Islands)
538,43.06616667,12.62244444,Cultural,Italy,Europe and North America,"Assisi, the Basilica of San Francesco and Other Franciscan Sites"
514,40.66638889,16.61027778,Cultural,Italy,Europe and North America,The Sassi and the Park of the Rupestrian Churches of Matera
515,45.54916667,11.54944444,Cultural,Italy,Europe and North America,City of Vicenza and the Palladian Villas of the Veneto
516,43.31861111,11.33166667,Cultural,Italy,Europe and North America,Historic Centre of Siena
517,40.85138889,14.26277778,Cultural,Italy,Europe and North America,Historic Centre of Naples
518,45.59333,9.53833,Cultural,Italy,Europe and North America,Crespi d'Adda
519,44.83777778,11.61944444,Cultural,Italy,Europe and North America,"Ferrara, City of the Renaissance, and its Po Delta"
520,40.7825,17.23694,Cultural,Italy,Europe and North America,The <I>Trulli</I> of Alberobello
521,44.42041667,12.19625,Cultural,Italy,Europe and North America,Early Christian Monuments of Ravenna
573,34.43055556,131.4122222,Cultural,Japan,Asia and the Pacific,"Sites of Japan⿿s Meiji Industrial Revolution: Iron and Steel, Shipbuilding and Coal Mining"
574,32.80222222,128.9038889,Cultural,Japan,Asia and the Pacific,Hidden Christian Sites in the Nagasaki Region
575,34.245,130.1055556,Cultural,Japan,Asia and the Pacific,Sacred Island of Okinoshima and Associated Sites in the Munakata Region
576,34.56222222,135.6094444,Cultural,Japan,Asia and the Pacific,Mozu-Furuichi Kofun Group: Mounded Tombs of Ancient Japan
577,31.78333333,35.21666667,Cultural,Jerusalem (Site proposed by Jordan),Arab States,Old City of Jerusalem and its Walls
578,30.33056,35.44333,Cultural,Jordan,Arab States,Petra
579,31.80194,36.58583,Cultural,Jordan,Arab States,Quseir Amra
580,31.50167,35.92056,Cultural,Jordan,Arab States,Um er-Rasas (Kastrom Mefa'a)
581,29.63972222,35.43388889,Mixed,Jordan,Arab States,Wadi Rum Protected Area
582,31.83722222,35.55277778,Cultural,Jordan,Arab States,Baptism Site ⿿Bethany Beyond the Jordan⿝ (Al-Maghtas)
583,50.43333333,69.18888889,Natural,Kazakhstan,Asia and the Pacific,Saryarka ⿿ Steppe and Lakes of Northern Kazakhstan
584,43.29305556,68.27444444,Cultural,Kazakhstan,Asia and the Pacific,Mausoleum of Khoja Ahmed Yasawi
585,43.80333333,75.535,Cultural,Kazakhstan,Asia and the Pacific,Petroglyphs within the Archaeological Landscape of Tamgaly
586,-0.155,37.31555556,Natural,Kenya,Africa,Mount Kenya National Park/Natural Forest
587,3.051305556,36.50366667,Natural,Kenya,Africa,Lake Turkana National Parks
588,-2.284444444,40.8525,Cultural,Kenya,Africa,Lamu Old Town
589,-0.4425,36.24,Natural,Kenya,Africa,Kenya Lake System in the Great Rift Valley
590,-3.931944444,39.59611111,Cultural,Kenya,Africa,Sacred Mijikenda Kaya Forests
591,-4.062777778,39.67944444,Cultural,Kenya,Africa,"Fort Jesus, Mombasa"
592,-0.891338056,34.326107,Cultural,Kenya,Africa,Thimlich Ohinga Archaeological Site
593,-3.649722222,-172.8575,Natural,Kiribati,Asia and the Pacific,Phoenix Islands Protected Area
594,40.53111111,72.78277778,Cultural,Kyrgyzstan,Asia and the Pacific,Sulaiman-Too Sacred Mountain
595,19.88889,102.13333,Cultural,Lao People's Democratic Republic,Asia and the Pacific,Town of Luang Prabang
596,14.84833333,105.8222222,Cultural,Lao People's Democratic Republic,Asia and the Pacific,Vat Phou and Associated Ancient Settlements within the Champasak Cultural Landscape
597,19.43105556,103.1522222,Cultural,Lao People's Democratic Republic,Asia and the Pacific,Megalithic Jar Sites in Xiengkhuang ⿿ Plain of Jars
598,56.95417,24.11667,Cultural,Latvia,Europe and North America,Historic Centre of Riga
599,33.72583,35.92972,Cultural,Lebanon,Arab States,Anjar
600,34.00707,36.20494,Cultural,Lebanon,Arab States,Baalbek
601,34.11917,35.6475,Cultural,Lebanon,Arab States,Byblos
602,33.27194,35.19444,Cultural,Lebanon,Arab States,Tyre
603,34.24333,36.04889,Cultural,Lebanon,Arab States,Ouadi Qadisha (the Holy Valley) and the Forest of the Cedars of God (Horsh Arz el-Rab)
604,32.63833,14.29306,Cultural,Libya,Arab States,Archaeological Site of Leptis Magna
605,32.80528,12.485,Cultural,Libya,Arab States,Archaeological Site of Sabratha
606,32.825,21.85833,Cultural,Libya,Arab States,Archaeological Site of Cyrene
607,24.83333,10.33333,Cultural,Libya,Arab States,Rock-Art Sites of Tadrart Acacus
608,30.13333333,9.5,Cultural,Libya,Arab States,Old Town of Ghadamès
609,54.68667,25.29306,Cultural,Lithuania,Europe and North America,Vilnius Historic Centre
610,54.88777778,24.83055556,Cultural,Lithuania,Europe and North America,KernavĿ  Archaeological Site (Cultural Reserve of KernavĿ)
611,49.61,6.13333,Cultural,Luxembourg,Europe and North America,City of Luxembourg: its Old Quarters and Fortifications
612,-18.66667,44.75,Natural,Madagascar,Africa,Tsingy de Bemaraha Strict Nature Reserve
554,18.0775,-76.57111111,Mixed,Jamaica,Latin America and the Caribbean,Blue and John Crow Mountains
555,34.61666667,135.7333333,Cultural,Japan,Asia and the Pacific,Buddhist Monuments in the Horyu-ji Area
556,34.83333333,134.7,Cultural,Japan,Asia and the Pacific,Himeji-jo
557,30.33333333,130.5333333,Natural,Japan,Asia and the Pacific,Yakushima
558,40.47,140.13,Natural,Japan,Asia and the Pacific,Shirakami-Sanchi
559,34.98055556,135.7694444,Cultural,Japan,Asia and the Pacific,"Historic Monuments of Ancient Kyoto (Kyoto, Uji and Otsu Cities)"
560,36.4,136.8833333,Cultural,Japan,Asia and the Pacific,Historic Villages of Shirakawa-go and Gokayama
561,34.38333333,132.45,Cultural,Japan,Asia and the Pacific,Hiroshima Peace Memorial (Genbaku Dome)
562,34.29441667,132.3246389,Cultural,Japan,Asia and the Pacific,Itsukushima Shinto Shrine
563,34.67555556,135.8394444,Cultural,Japan,Asia and the Pacific,Historic Monuments of Ancient Nara
564,36.7475,139.6105556,Cultural,Japan,Asia and the Pacific,Shrines and Temples of Nikko
565,26.20861111,127.6827778,Cultural,Japan,Asia and the Pacific,Gusuku Sites and Related Properties of the Kingdom of Ryukyu
566,33.83694444,135.7763889,Cultural,Japan,Asia and the Pacific,Sacred Sites and Pilgrimage Routes in the Kii Mountain Range
567,43.94944,144.96583,Natural,Japan,Asia and the Pacific,Shiretoko
568,35.11277778,132.435,Cultural,Japan,Asia and the Pacific,Iwami Ginzan Silver Mine and its Cultural Landscape
569,39.00111111,141.1077778,Cultural,Japan,Asia and the Pacific,"Hiraizumi ⿿ Temples, Gardens and Archaeological Sites Representing the Buddhist Pure Land"
570,27.71833333,142.0997222,Natural,Japan,Asia and the Pacific,Ogasawara Islands
571,35.36083333,138.7275,Cultural,Japan,Asia and the Pacific,"Fujisan, sacred place and source of artistic inspiration"
572,36.25527778,138.8877778,Cultural,Japan,Asia and the Pacific,Tomioka Silk Mill and Related Sites
619,5.421388889,100.3458333,Cultural,Malaysia,Asia and the Pacific,"Melaka and George Town, Historic Cities of the Straits of Malacca"
620,5.067908333,100.9723278,Cultural,Malaysia,Asia and the Pacific,Archaeological Heritage of the Lenggong Valley
621,13.90639,-4.555,Cultural,Mali,Africa,Old Towns of Djenné
622,16.77333333,-2.999444444,Cultural,Mali,Africa,Timbuktu
623,14.33333,-3.41667,Mixed,Mali,Africa,Cliff of Bandiagara (Land of the Dogons)
624,16.2898,-0.04456,Cultural,Mali,Africa,Tomb of Askia
625,35.87134,14.50739,Cultural,Malta,Europe and North America,Ħal Saflieni Hypogeum
626,35.90056,14.51444,Cultural,Malta,Europe and North America,City of Valletta
627,36.04908,14.26947,Cultural,Malta,Europe and North America,Megalithic Temples of Malta
628,11.6,165.3805556,Cultural,Marshall Islands,Asia and the Pacific,Bikini Atoll Nuclear Test Site
629,20.23472,-16.10889,Natural,Mauritania,Arab States,Banc d'Arguin National Park
630,20.92889,-11.62361,Cultural,Mauritania,Arab States,"Ancient <I>Ksour</I> of Ouadane, Chinguetti, Tichitt and Oualata"
631,-20.15863889,57.50316667,Cultural,Mauritius,Africa,Aapravasi Ghat
632,-20.45194444,57.32833333,Cultural,Mauritius,Africa,Le Morne Cultural Landscape
633,19.38333,-87.79167,Natural,Mexico,Latin America and the Caribbean,Sian Ka'an
634,17.48333,-92.05,Cultural,Mexico,Latin America and the Caribbean,Pre-Hispanic City and National Park of Palenque
635,19.41833,-99.13278,Cultural,Mexico,Latin America and the Caribbean,Historic Centre of Mexico City and Xochimilco
636,19.69167,-98.84167,Cultural,Mexico,Latin America and the Caribbean,Pre-Hispanic City of Teotihuacan
646,18.93472,-98.89778,Cultural,Mexico,Latin America and the Caribbean,Earliest 16th-Century Monasteries on the Slopes of Popocatepetl
647,27.65556,-112.91611,Cultural,Mexico,Latin America and the Caribbean,Rock Paintings of the Sierra de San Francisco
648,20.36166667,-89.77027778,Cultural,Mexico,Latin America and the Caribbean,Pre-Hispanic Town of Uxmal
649,20.58333333,-100.3666667,Cultural,Mexico,Latin America and the Caribbean,Historic Monuments Zone of Querétaro
650,20.67388889,-103.3397222,Cultural,Mexico,Latin America and the Caribbean,"Hospicio Cabañas, Guadalajara"
651,18.60833333,-95.65833333,Cultural,Mexico,Latin America and the Caribbean,Historic Monuments Zone of Tlacotalpan
652,19.84639,-90.53722,Cultural,Mexico,Latin America and the Caribbean,Historic Fortified Town of Campeche
657,27.62667,-112.54583,Natural,Mexico,Latin America and the Caribbean,Islands and Protected Areas of the Gulf of California
658,20.86305556,-103.7786111,Cultural,Mexico,Latin America and the Caribbean,Agave Landscape and Ancient Industrial Facilities of Tequila
659,19.33222222,-99.18805556,Cultural,Mexico,Latin America and the Caribbean,Central University City Campus of the <i>Universidad Nacional Autónoma de México</i> (UNAM)
660,20.91444444,-100.7463889,Cultural,Mexico,Latin America and the Caribbean,Protective town of San Miguel and the Sanctuary of Jesús Nazareno de Atotonilco
653,18.81028,-99.275,Cultural,Mexico,Latin America and the Caribbean,Archaeological Monuments Zone of Xochicalco
654,18.05302778,-89.73728333,Mixed,Mexico,Latin America and the Caribbean,"Ancient Maya City and Protected Tropical Forests of Calakmul, Campeche"
655,21.20438889,-99.46411111,Cultural,Mexico,Latin America and the Caribbean,Franciscan Missions in the Sierra Gorda of Querétaro
656,19.41833333,-99.19833333,Cultural,Mexico,Latin America and the Caribbean,Luis Barragán House and Studio
637,17.06194,-96.72167,Cultural,Mexico,Latin America and the Caribbean,Historic Centre of Oaxaca and Archaeological Site of Monte Albán
638,19.04722,-98.20833,Cultural,Mexico,Latin America and the Caribbean,Historic Centre of Puebla
639,21.01694,-101.25556,Cultural,Mexico,Latin America and the Caribbean,Historic Town of Guanajuato and Adjacent Mines
640,20.66667,-88.6,Cultural,Mexico,Latin America and the Caribbean,Pre-Hispanic City of Chichen-Itza
641,27.79222,-114.22778,Natural,Mexico,Latin America and the Caribbean,Whale Sanctuary of El Vizcaino
642,30.37583,-107.95556,Cultural,Mexico,Latin America and the Caribbean,"Archaeological Zone of Paquimé, Casas Grandes"
643,19.70444,-101.19167,Cultural,Mexico,Latin America and the Caribbean,Historic Centre of Morelia
644,20.47639,-97.3775,Cultural,Mexico,Latin America and the Caribbean,"El Tajin, Pre-Hispanic City"
645,22.76667,-102.55556,Cultural,Mexico,Latin America and the Caribbean,Historic Centre of Zacatecas
613,-18.75917,47.56278,Cultural,Madagascar,Africa,Royal Hill of Ambohimanga
614,-14.45972222,49.7025,Natural,Madagascar,Africa,Rainforests of the Atsinanana
615,-14.03333,34.88333,Natural,Malawi,Africa,Lake Malawi National Park
616,-14.29333333,34.27916667,Cultural,Malawi,Africa,Chongoni Rock-Art Area
617,6.25,116.5,Natural,Malaysia,Asia and the Pacific,Kinabalu Park
618,4.13333,114.91667,Natural,Malaysia,Asia and the Pacific,Gunung Mulu National Park
682,34.02416667,-6.822777778,Cultural,Morocco,Arab States,"Rabat, Modern Capital and Historic City: a Shared Heritage"
683,-15.03417,40.73583,Cultural,Mozambique,Africa,Island of Mozambique
684,22.47,95.81861111,Cultural,Myanmar,Asia and the Pacific,Pyu Ancient Cities
685,21.14888889,94.88444444,Cultural,Myanmar,Asia and the Pacific,Bagan
686,-20.59558333,14.37258333,Cultural,Namibia,Africa,Twyfelfontein or /Ui-//aes
687,-24.88527778,15.40777778,Natural,Namibia,Africa,Namib Sand Sea
688,27.96528,86.91306,Natural,Nepal,Asia and the Pacific,Sagarmatha National Park
689,27.70395,85.30858,Cultural,Nepal,Asia and the Pacific,Kathmandu Valley
690,27.5,84.33333,Natural,Nepal,Asia and the Pacific,Chitwan National Park
691,27.46889,83.27611,Cultural,Nepal,Asia and the Pacific,"Lumbini, the Birthplace of the Lord Buddha"
692,52.63861111,5.771666667,Cultural,Netherlands,Europe and North America,Schokland and Surroundings
693,52.37444444,4.893055556,Cultural,Netherlands,Europe and North America,Defence Line of Amsterdam
694,51.8825,4.649444444,Cultural,Netherlands,Europe and North America,Mill Network at Kinderdijk-Elshout
695,12.10194,-68.90222,Cultural,Netherlands,Europe and North America,"Historic Area of Willemstad, Inner City and Harbour, Curaçao"
696,52.84583,5.67889,Cultural,Netherlands,Europe and North America,Ir.D.F. Woudagemaal (D.F. Wouda Steam Pumping Station)
697,52.54888889,4.911111111,Cultural,Netherlands,Europe and North America,Droogmakerij de Beemster (Beemster Polder)
698,52.08533333,5.147555556,Cultural,Netherlands,Europe and North America,Rietveld Schröderhuis (Rietveld Schröder House)
699,52.365,4.887777778,Cultural,Netherlands,Europe and North America,Seventeenth-Century Canal Ring Area of Amsterdam inside the Singelgracht
700,51.92333333,4.418333333,Cultural,Netherlands,Europe and North America,Van Nellefabriek
701,-39.29083333,175.5622222,Mixed,New Zealand,Asia and the Pacific,Tongariro National Park
702,-45.03602778,167.3196111,Natural,New Zealand,Asia and the Pacific,Te Wahipounamu ⿿ South West New Zealand
703,-50.75,166.1044444,Natural,New Zealand,Asia and the Pacific,New Zealand Sub-Antarctic Islands
704,12.39722,-86.61028,Cultural,Nicaragua,Latin America and the Caribbean,Ruins of León Viejo
705,12.435,-86.87805556,Cultural,Nicaragua,Latin America and the Caribbean,León Cathedral
706,18,9,Natural,Niger,Africa,Air and Ténéré Natural Reserves
707,16.97361111,7.991388889,Cultural,Niger,Africa,Historic Centre of Agadez
708,10.74056,13.57194,Cultural,Nigeria,Africa,Sukur Cultural Landscape
709,7.75556,4.55222,Cultural,Nigeria,Africa,Osun-Osogbo Sacred Grove
710,62.57388889,11.38555556,Cultural,Norway,Europe and North America,Røros Mining Town and the Circumference
711,61.3,7.33333,Cultural,Norway,Europe and North America,Urnes Stave Church
712,60.39722,5.32306,Cultural,Norway,Europe and North America,Bryggen
713,69.95,23.18333,Cultural,Norway,Europe and North America,Rock Art of Alta
714,65.61667,11.75,Cultural,Norway,Europe and North America,Vegaøyan ⿿ The Vega Archipelago
715,62.11667,7.16667,Natural,Norway,Europe and North America,West Norwegian Fjords ⿿ Geirangerfjord and Nærøyfjord
716,59.87861111,8.593611111,Cultural,Norway,Europe and North America,Rjukan-Notodden Industrial Heritage Site
717,22.96417,57.30111,Cultural,Oman,Arab States,Bahla Fort
661,19.60638889,-100.2416667,Natural,Mexico,Latin America and the Caribbean,Monarch Butterfly Biosphere Reserve
662,22.60805556,-102.3791667,Cultural,Mexico,Latin America and the Caribbean,Camino Real de Tierra Adentro
663,16.95083333,-96.42111111,Cultural,Mexico,Latin America and the Caribbean,Prehistoric Caves of Yagul and Mitla in the Central Valley of Oaxaca
664,32,-113.9166667,Natural,Mexico,Latin America and the Caribbean,El Pinacate and Gran Desierto de Altar Biosphere Reserve
665,19.83527778,-98.66256667,Cultural,Mexico,Latin America and the Caribbean,Aqueduct of Padre Tembleque Hydraulic System
666,18.78805556,-110.9752778,Natural,Mexico,Latin America and the Caribbean,Archipiélago de Revillagigedo
667,17.98996111,-97.18715278,Mixed,Mexico,Latin America and the Caribbean,Tehuacán-Cuicatlán Valley: originary habitat of Mesoamerica
668,6.839722222,158.3308333,Cultural,Micronesia (Federated States of),Asia and the Pacific,Nan Madol: Ceremonial Centre of Eastern Micronesia
669,47.55666667,102.8313889,Cultural,Mongolia,Asia and the Pacific,Orkhon Valley Cultural Landscape
670,49.33388889,88.39527778,Cultural,Mongolia,Asia and the Pacific,Petroglyphic Complexes of the Mongolian Altai
671,48.76197778,109.0093278,Cultural,Mongolia,Asia and the Pacific,Great Burkhan Khaldun Mountain and its surrounding sacred landscape
672,43.133,19.0166,Natural,Montenegro,Europe and North America,Durmitor National Park
673,42.48333,18.7,Cultural,Montenegro,Europe and North America,Natural and Culturo-Historical Region of Kotor
674,34.06111,-4.97778,Cultural,Morocco,Arab States,Medina of Fez
675,31.63139,-7.98667,Cultural,Morocco,Arab States,Medina of Marrakesh
676,31.04722,-7.12889,Cultural,Morocco,Arab States,Ksar of Ait-Ben-Haddou
677,31.51411111,-9.770305556,Cultural,Morocco,Arab States,Medina of Essaouira (formerly Mogador)
678,33.88333,-5.55833,Cultural,Morocco,Arab States,Historic City of Meknes
679,34.07389,-5.55694,Cultural,Morocco,Arab States,Archaeological Site of Volubilis
680,35.57083,-5.36667,Cultural,Morocco,Arab States,Medina of Tétouan (formerly known as Titawin)
681,33.25667,-8.50194,Cultural,Morocco,Arab States,Portuguese City of Mazagan (El Jadida)
728,7.246925,134.3525,Mixed,Palau,Asia and the Pacific,Rock Islands Southern Lagoon
729,31.70435278,35.2075,Cultural,Palestine,Arab States,"Birthplace of Jesus: Church of the Nativity and the Pilgrimage Route, Bethlehem"
730,31.71972222,35.13055556,Cultural,Palestine,Arab States,"Palestine: Land of Olives and Vines ⿿ Cultural Landscape of Southern Jerusalem, Battir"
731,31.52416667,35.10888889,Cultural,Palestine,Arab States,Hebron/Al-Khalil Old Town
732,9.553888889,-79.65583333,Cultural,Panama,Latin America and the Caribbean,Fortifications on the Caribbean Side of Panama: Portobelo-San Lorenzo
733,7.736111111,-77.54722222,Natural,Panama,Latin America and the Caribbean,Darien National Park
734,8.951111111,-79.54055556,Cultural,Panama,Latin America and the Caribbean,Archaeological Site of Panamá Viejo and Historic District of Panamá
735,7.433,-81.766,Natural,Panama,Latin America and the Caribbean,Coiba National Park and its Special Zone of Marine Protection
736,-5.783711111,144.3317222,Cultural,Papua New Guinea,Asia and the Pacific,Kuk Early Agricultural Site
737,-27.13333,-55.7,Cultural,Paraguay,Latin America and the Caribbean,Jesuit Missions of La Santísima Trinidad de Paraná and Jesús de Tavarangue
738,-13.52222,-71.98333,Cultural,Peru,Latin America and the Caribbean,City of Cuzco
739,-13.11666667,-72.58333333,Mixed,Peru,Latin America and the Caribbean,Historic Sanctuary of Machu Picchu
740,-9.592772544,-77.1784535,Cultural,Peru,Latin America and the Caribbean,Chavin (Archaeological Site)
741,-9.33333,-77.4,Natural,Peru,Latin America and the Caribbean,Huascarán National Park
742,-8.1,-79.08333,Cultural,Peru,Latin America and the Caribbean,Chan Chan Archaeological Zone
752,14.59,120.97,Cultural,Philippines,Asia and the Pacific,Baroque Churches of the Philippines
753,16.93389,121.13667,Cultural,Philippines,Asia and the Pacific,Rice Terraces of the Philippine Cordilleras
754,6.717169444,126.1734306,Natural,Philippines,Asia and the Pacific,Mount Hamiguitan Range Wildlife Sanctuary
755,50.06138889,19.93722222,Cultural,Poland,Europe and North America,Historic Centre of Kraków
756,52.26639,21.01167,Cultural,Poland,Europe and North America,Historic Centre of Warsaw
757,50.03888889,19.175,Cultural,Poland,Europe and North America,Auschwitz Birkenau <br /><small>German Nazi Concentration and Extermination Camp (1940-1945)</small>
758,49.97916667,20.06388889,Cultural,Poland,Europe and North America,Wieliczka and Bochnia Royal Salt Mines
759,50.71667,23.26667,Cultural,Poland,Europe and North America,Old City of ZamoſĿ
760,53.01,18.61944,Cultural,Poland,Europe and North America,Medieval Town of Toruſ
765,51.10694722,17.07701389,Cultural,Poland,Europe and North America,Centennial Hall in Wrocſaw
766,50.44269722,18.85122778,Cultural,Poland,Europe and North America,Tarnowskie Góry Lead-Silver-Zinc Mine and its Underground Water Management System
767,50.96797222,21.50230556,Cultural,Poland,Europe and North America,Krzemionki Prehistoric Striped Flint Mining Region
768,38.655,-27.22,Cultural,Portugal,Europe and North America,Central Zone of the Town of Angra do Heroismo in the Azores
769,38.69194,-9.21583,Cultural,Portugal,Europe and North America,Monastery of the Hieronymites and Tower of Belém in Lisbon
770,39.65778,-8.82694,Cultural,Portugal,Europe and North America,Monastery of Batalha
771,39.60472,-8.4175,Cultural,Portugal,Europe and North America,Convent of Christ in Tomar
772,38.57306,-7.90778,Cultural,Portugal,Europe and North America,Historic Centre of ÿvora
773,39.55,-8.97667,Cultural,Portugal,Europe and North America,Monastery of Alcobaça
761,54.04166667,19.03333333,Cultural,Poland,Europe and North America,Castle of the Teutonic Order in Malbork
762,49.86666667,19.66666667,Cultural,Poland,Europe and North America,Kalwaria Zebrzydowska: the Mannerist Architectural and Park Landscape Complex and Pilgrimage Park
763,49.75,21.23333333,Cultural,Poland,Europe and North America,Wooden Churches of Southern Maſopolska
764,51.05427778,16.19594444,Cultural,Poland,Europe and North America,Churches of Peace in Jawor and ſwidnica
743,-12.25,-71.75,Natural,Peru,Latin America and the Caribbean,Manú National Park
744,-12.05139,-77.04306,Cultural,Peru,Latin America and the Caribbean,Historic Centre of Lima
745,-7.75,-77.25,Mixed,Peru,Latin America and the Caribbean,Río Abiseo National Park
746,-14.72583,-75.14861,Cultural,Peru,Latin America and the Caribbean,Lines and Geoglyphs of Nasca and Palpa
747,-16.4,-71.53333333,Cultural,Peru,Latin America and the Caribbean,Historical Centre of the City of Arequipa
748,-10.89166667,-77.52138889,Cultural,Peru,Latin America and the Caribbean,Sacred City of Caral-Supe
749,17.575,120.3875,Cultural,Philippines,Asia and the Pacific,Historic City of Vigan
750,10.16666667,118.9166667,Natural,Philippines,Asia and the Pacific,Puerto-Princesa Subterranean River National Park
751,8.953333333,119.8675,Natural,Philippines,Asia and the Pacific,Tubbataha Reefs Natural Park
718,23.26986,56.745,Cultural,Oman,Arab States,"Archaeological Sites of Bat, Al-Khutm and Al-Ayn"
719,18.25333,53.64759,Cultural,Oman,Arab States,Land of Frankincense
720,22.99888889,57.53605556,Cultural,Oman,Arab States,<i>Aflaj</i> Irrigation Systems of Oman
721,22.69522222,59.37811111,Cultural,Oman,Arab States,Ancient City of Qalhat
722,27.32916667,68.13888889,Cultural,Pakistan,Asia and the Pacific,Archaeological Ruins at Moenjodaro
723,33.77916667,72.8875,Cultural,Pakistan,Asia and the Pacific,Taxila
724,34.32083333,71.94583333,Cultural,Pakistan,Asia and the Pacific,Buddhist Ruins of Takht-i-Bahi and Neighbouring City Remains at Sahr-i-Bahlol
725,24.76666667,67.9,Cultural,Pakistan,Asia and the Pacific,"Historical Monuments at Makli, Thatta"
726,31.59027778,74.30972222,Cultural,Pakistan,Asia and the Pacific,Fort and Shalamar Gardens in Lahore
727,32.9625,73.58888889,Cultural,Pakistan,Asia and the Pacific,Rohtas Fort
793,37.19722222,128.4527778,Cultural,Republic of Korea,Asia and the Pacific,Royal Tombs of the Joseon Dynasty
794,36.53916667,128.5166667,Cultural,Republic of Korea,Asia and the Pacific,Historic Villages of Korea: Hahoe and Yangdong
795,37.47888889,127.1811111,Cultural,Republic of Korea,Asia and the Pacific,Namhansanseong
796,36.46194444,127.1272222,Cultural,Republic of Korea,Asia and the Pacific,Baekje Historic Areas
797,36.72729722,128.8434278,Cultural,Republic of Korea,Asia and the Pacific,"Seowon, Korean Neo-Confucian Academies"
798,36.54194444,127.8333333,Cultural,Republic of Korea,Asia and the Pacific,"Sansa, Buddhist Mountain Monasteries in Korea"
799,45.08333,29.5,Natural,Romania,Europe and North America,Danube Delta
800,46.13583333,24.77305556,Cultural,Romania,Europe and North America,Villages with Fortified Churches in Transylvania
801,45.18333333,24.01666667,Cultural,Romania,Europe and North America,Monastery of Horezu
802,47.77833333,25.71277778,Cultural,Romania,Europe and North America,Churches of Moldavia
803,46.21777778,24.79222222,Cultural,Romania,Europe and North America,Historic Centre of Sighiſoara
804,47.82083333,24.05583333,Cultural,Romania,Europe and North America,Wooden Churches of Maramureſ
805,45.62305556,23.31194444,Cultural,Romania,Europe and North America,Dacian Fortresses of the Orastie Mountains
806,59.95,30.31833,Cultural,Russian Federation,Europe and North America,Historic Centre of Saint Petersburg and Related Groups of Monuments
807,62.07138889,35.2275,Cultural,Russian Federation,Europe and North America,Kizhi Pogost
808,55.74583,37.62972,Cultural,Russian Federation,Europe and North America,"Kremlin and Red Square, Moscow"
809,58.53333,31.28333,Cultural,Russian Federation,Europe and North America,Historic Monuments of Novgorod and Surroundings
810,65.08333333,35.66666667,Cultural,Russian Federation,Europe and North America,Cultural and Historic Ensemble of the Solovetsky Islands
811,56.15,40.41666667,Cultural,Russian Federation,Europe and North America,White Monuments of Vladimir and Suzdal
812,55.65556,37.67389,Cultural,Russian Federation,Europe and North America,"Church of the Ascension, Kolomenskoye"
813,56.31035,38.1312,Cultural,Russian Federation,Europe and North America,Architectural Ensemble of the Trinity Sergius Lavra in Sergiev Posad
814,63.62583333,58.9525,Natural,Russian Federation,Europe and North America,Virgin Komi Forests
815,53.17361111,107.6625,Natural,Russian Federation,Europe and North America,Lake Baikal
816,56.33333333,158.5,Natural,Russian Federation,Europe and North America,Volcanoes of Kamchatka
817,46.68333333,136.6611111,Natural,Russian Federation,Europe and North America,Central Sikhote-Alin
818,50.46666667,86,Natural,Russian Federation,Europe and North America,Golden Mountains of Altai
819,44,40,Natural,Russian Federation,Europe and North America,Western Caucasus
820,55.79111111,49.095,Cultural,Russian Federation,Europe and North America,Historic and Architectural Complex of the Kazan Kremlin
821,54.97888889,49.05638889,Cultural,Russian Federation,Europe and North America,Bolgar Historical and Archaeological Complex
822,59.95,38.56666667,Cultural,Russian Federation,Europe and North America,Ensemble of the Ferapontov Monastery
774,38.78333,-9.41667,Cultural,Portugal,Europe and North America,Cultural Landscape of Sintra
775,41.14166667,-8.616666667,Cultural,Portugal,Europe and North America,"Historic Centre of Oporto, Luiz I Bridge and Monastery of Serra do Pilar "
776,32.76666667,-17,Natural,Portugal,Europe and North America,Laurisilva of Madeira
777,41.443731,-8.292803,Cultural,Portugal,Europe and North America,Historic Centre of Guimarães
778,41.10166667,-7.798888889,Cultural,Portugal,Europe and North America,Alto Douro Wine Region
779,38.51344444,-28.54116667,Cultural,Portugal,Europe and North America,Landscape of the Pico Island Vineyard Culture
780,38.88061944,-7.163322222,Cultural,Portugal,Europe and North America,Garrison Border Town of Elvas and its Fortifications
781,40.20781111,-8.425775,Cultural,Portugal,Europe and North America,University of Coimbra ⿿ Alta and Sofia
782,38.93716667,-9.325527778,Cultural,Portugal,Europe and North America,"Royal Building of <i>Mafra</i> ⿿ Palace, Basilica, Convent, <i>Cerco</i> Garden and Hunting Park (<i>Tapada</i>)"
783,41.55494444,-8.377027778,Cultural,Portugal,Europe and North America,Sanctuary of Bom Jesus do Monte in Braga
784,25.97805556,51.02972222,Cultural,Qatar,Arab States,Al Zubarah Archaeological Site
785,35.78333333,129.35,Cultural,Republic of Korea,Asia and the Pacific,Seokguram Grotto and Bulguksa Temple
786,35.8,128.1,Cultural,Republic of Korea,Asia and the Pacific,"Haeinsa Temple Janggyeong Panjeon, the Depositories for the <I>Tripitaka Koreana</I> Woodblocks"
787,37.55,126.98333,Cultural,Republic of Korea,Asia and the Pacific,Jongmyo Shrine
788,37.55,126.9833333,Cultural,Republic of Korea,Asia and the Pacific,Changdeokgung Palace Complex
789,37.27222,127.00833,Cultural,Republic of Korea,Asia and the Pacific,Hwaseong Fortress
790,35.78889,129.22667,Cultural,Republic of Korea,Asia and the Pacific,Gyeongju Historic Areas
791,34.96667,126.92917,Cultural,Republic of Korea,Asia and the Pacific,"Gochang, Hwasun and Ganghwa Dolmen Sites"
792,33.46888889,126.7202778,Natural,Republic of Korea,Asia and the Pacific,Jeju Volcanic Island and Lava Tubes
1100,7.60318,-8.39097,Natural,"Côte d'Ivoire,Guinea",Africa,Mount Nimba Strict Nature Reserve
1101,45.70333333,9.663611111,Cultural,"Croatia,Italy,Montenegro",Europe and North America,Venetian Works of Defence between the 16th and 17th Centuries: <em>Stato da Terra</em> ⿿ Western <em>Stato da Mar</em>
1102,50.40652778,12.83734444,Cultural,"Czechia,Germany",Europe and North America,Erzgebirge/Krušnohoſí Mining Region
1103,53.52861111,8.556111111,Natural,"Denmark,Germany,Netherlands",Europe and North America,Wadden Sea
1104,63.3,21.3,Natural,"Finland,Sweden",Europe and North America,High Coast / Kvarken Archipelago
1105,42.68542,-0.0005,Mixed,"France,Spain",Europe and North America,Pyrénées - Mont Perdu
838,25.40216667,49.63056944,Cultural,Saudi Arabia,Arab States,"Al-Ahsa Oasis, an Evolving Cultural Landscape"
839,16.5,-16.16667,Natural,Senegal,Africa,Djoudj National Bird Sanctuary
840,14.66722,-17.40083,Cultural,Senegal,Africa,Island of Gorée
841,13.06667,-12.71667,Natural,Senegal,Africa,Niokolo-Koba National Park
842,16.02778,-16.50444,Cultural,Senegal,Africa,Island of Saint-Louis
843,13.83527778,-16.49861111,Cultural,Senegal,Africa,Saloum Delta
844,12.59333333,-12.84583333,Cultural,Senegal,Africa,"Bassari Country: Bassari, Fula and Bedik Cultural Landscapes"
845,43.11889,20.42278,Cultural,Serbia,Europe and North America,Stari Ras and SopoĿani
846,43.48611,20.53667,Cultural,Serbia,Europe and North America,Studenica Monastery
847,42.66111111,20.26555556,Cultural,Serbia,Europe and North America,Medieval Monuments in Kosovo
964,36.94639,11.09917,Cultural,Tunisia,Arab States,Punic Town of Kerkuane and its Necropolis
965,35.82778,10.63861,Cultural,Tunisia,Arab States,Medina of Sousse
966,35.68167,10.10389,Cultural,Tunisia,Arab States,Kairouan
967,36.42361,9.22028,Cultural,Tunisia,Arab States,Dougga / Thugga
968,41.00847,28.97993,Cultural,Turkey,Europe and North America,Historic Areas of Istanbul
969,38.66667,34.85,Mixed,Turkey,Europe and North America,Göreme National Park and the Rock Sites of Cappadocia
970,39.371271,38.121826,Cultural,Turkey,Europe and North America,Great Mosque and Hospital of DivriĿi
971,40.01389,34.62056,Cultural,Turkey,Europe and North America,Hattusha: the Hittite Capital
972,38.03661,38.76369,Cultural,Turkey,Europe and North America,Nemrut DaĿ
973,36.335,29.32028,Cultural,Turkey,Europe and North America,Xanthos-Letoon
974,37.92389,29.12333,Mixed,Turkey,Europe and North America,Hierapolis-Pamukkale
975,41.26,32.68972,Cultural,Turkey,Europe and North America,City of Safranbolu
848,43.89930556,22.18611111,Cultural,Serbia,Europe and North America,"Gamzigrad-Romuliana, Palace of Galerius"
849,-9.416666667,46.41666667,Natural,Seychelles,Africa,Aldabra Atoll
850,-4.32917,55.7375,Natural,Seychelles,Africa,Vallée de Mai Nature Reserve
851,1.315277778,103.8161111,Cultural,Singapore,Asia and the Pacific,Singapore Botanic Gardens
852,48.46111,18.9,Cultural,Slovakia,Europe and North America,Historic Town of Banská Štiavnica and the Technical Monuments in its Vicinity
853,48.99944444,20.7675,Cultural,Slovakia,Europe and North America,"Levoča, Spišský Hrad and the Associated Cultural Monuments"
854,49.03916667,19.27833333,Cultural,Slovakia,Europe and North America,Vlkolínec
855,49.29277778,21.27555556,Cultural,Slovakia,Europe and North America,Bardejov Town Conservation Reserve
856,49.33611111,19.55833333,Cultural,Slovakia,Europe and North America,Wooden Churches of the Slovak part of the Carpathian Mountain Area
857,45.66667,14,Natural,Slovenia,Europe and North America,Škocjan Caves
976,39.95644,26.239,Cultural,Turkey,Europe and North America,Archaeological Site of Troy
977,37.92916667,27.35944444,Cultural,Turkey,Europe and North America,Ephesus
978,41.67777778,26.55944444,Cultural,Turkey,Europe and North America,Selimiye Mosque and its Social Complex
979,37.66666667,32.82805556,Cultural,Turkey,Europe and North America,Neolithic Site of ÿatalhöyük
980,40.18473056,29.06233611,Cultural,Turkey,Europe and North America,Bursa and Cumalıkızık: the Birth of the Ottoman Empire
981,39.12583333,27.18,Cultural,Turkey,Europe and North America,Pergamon and its Multi-Layered Cultural Landscape
982,37.9031,40.23930833,Cultural,Turkey,Europe and North America,Diyarbakır Fortress and Hevsel Gardens Cultural Landscape
858,-11.68333,160.33333,Natural,Solomon Islands,Asia and the Pacific,East Rennell
859,-27.83889,32.55,Natural,South Africa,Africa,iSimangaliso Wetland Park
860,-24.15861,29.17694,Cultural,South Africa,Africa,Fossil Hominid Sites of South Africa
861,-33.8,18.36666667,Cultural,South Africa,Africa,Robben Island
862,-34.36111111,18.475,Natural,South Africa,Africa,Cape Floral Region Protected Areas
983,40.5,43.56666667,Cultural,Turkey,Europe and North America,Archaeological Site of Ani
984,37.70833333,28.72361111,Cultural,Turkey,Europe and North America,Aphrodisias
985,37.22324194,38.92236389,Cultural,Turkey,Europe and North America,Göbekli Tepe
986,37.70083,62.1775,Cultural,Turkmenistan,Asia and the Pacific,State Historical and Cultural Park ⿿Ancient Merv⿝
987,42.18318,59.08494,Cultural,Turkmenistan,Asia and the Pacific,Kunya-Urgench
988,37.99972222,58.19861111,Cultural,Turkmenistan,Asia and the Pacific,Parthian Fortresses of Nisa
989,-1.080555556,29.66138889,Natural,Uganda,Africa,Bwindi Impenetrable National Park
990,0.223611111,29.92416667,Natural,Uganda,Africa,Rwenzori Mountains National Park
1047,37.74611111,-119.5966667,Natural,United States of America,Europe and North America,Yosemite National Park
863,-22.1925,29.23889,Cultural,South Africa,Africa,Mapungubwe Cultural Landscape
864,-26.86,27.26,Natural,South Africa,Africa,Vredefort Dome
865,-28.6,17.20388889,Cultural,South Africa,Africa,Richtersveld Cultural and Botanical Landscape
866,-25.68761111,20.37458333,Cultural,South Africa,Africa,ǿKhomani Cultural Landscape
867,-25.97388889,31.01388889,Natural,South Africa,Africa,Barberton Makhonjwa Mountains
868,43.38252778,-4.116166667,Cultural,Spain,Europe and North America,Cave of Altamira and Paleolithic Cave Art of Northern Spain
991,0.348611111,32.55138889,Cultural,Uganda,Africa,Tombs of Buganda Kings at Kasubi
992,50.45258,30.51686,Cultural,Ukraine,Europe and North America,"Kiev: Saint-Sophia Cathedral and Related Monastic Buildings, Kiev-Pechersk Lavra"
993,49.84163,24.03198,Cultural,Ukraine,Europe and North America,L'viv ⿿ the Ensemble of the Historic Centre
994,48.29666667,25.92472222,Cultural,Ukraine,Europe and North America,Residence of Bukovinian and Dalmatian Metropolitans
995,44.61083333,33.49138889,Cultural,Ukraine,Europe and North America,Ancient City of Tauric Chersonese and its Chora
996,24.06777778,55.80638889,Cultural,United Arab Emirates,Arab States,"Cultural Sites of Al Ain (Hafit, Hili, Bidaa Bint Saud and Oases Areas)"
997,55.25,-6.485277778,Natural,United Kingdom of Great Britain and Northern Ireland,Europe and North America,Giant's Causeway and Causeway Coast
869,40.94847222,-4.11675,Cultural,Spain,Europe and North America,Old Town of Segovia and its Aqueduct
870,43.36262,-5.84303,Cultural,Spain,Europe and North America,Monuments of Oviedo and the Kingdom of the Asturias
871,37.87919444,-4.779722222,Cultural,Spain,Europe and North America,Historic Centre of Cordoba
872,37.17667,-3.59444,Cultural,Spain,Europe and North America,"Alhambra, Generalife and Albayzín, Granada"
873,42.34073333,-3.704011111,Cultural,Spain,Europe and North America,Burgos Cathedral
874,40.58175,-4.126416667,Cultural,Spain,Europe and North America,"Monastery and Site of the Escurial, Madrid"
875,41.41338,2.152972,Cultural,Spain,Europe and North America,Works of Antoni Gaudí
876,42.88076,-8.54468,Cultural,Spain,Europe and North America,Santiago de Compostela (Old Town)
877,40.65645,-4.70012,Cultural,Spain,Europe and North America,Old Town of Ávila with its Extra-Muros Churches
998,54.77472222,-1.576111111,Cultural,United Kingdom of Great Britain and Northern Ireland,Europe and North America,Durham Castle and Cathedral
999,52.62638889,-2.472777778,Cultural,United Kingdom of Great Britain and Northern Ireland,Europe and North America,Ironbridge Gorge
1000,54.11611111,-1.573055556,Cultural,United Kingdom of Great Britain and Northern Ireland,Europe and North America,Studley Royal Park including the Ruins of Fountains Abbey
1001,51.17888889,-1.825277778,Cultural,United Kingdom of Great Britain and Northern Ireland,Europe and North America,"Stonehenge, Avebury and Associated Sites"
1002,53.13972222,-4.276944444,Cultural,United Kingdom of Great Britain and Northern Ireland,Europe and North America,Castles and Town Walls of King Edward in Gwynedd
1003,57.81722222,-8.576666667,Mixed,United Kingdom of Great Britain and Northern Ireland,Europe and North America,St Kilda
1004,54.47661111,-3.082416667,Cultural,United Kingdom of Great Britain and Northern Ireland,Europe and North America,The English Lake District
1005,51.84194444,-1.361388889,Cultural,United Kingdom of Great Britain and Northern Ireland,Europe and North America,Blenheim Palace
1006,51.49972222,-0.128611111,Cultural,United Kingdom of Great Britain and Northern Ireland,Europe and North America,Palace of Westminster and Westminster Abbey including Saint Margaret⿿s Church
1007,51.38138889,-2.358611111,Cultural,United Kingdom of Great Britain and Northern Ireland,Europe and North America,City of Bath
1106,13.69111111,-15.5225,Cultural,"Gambia (the),Senegal",Africa,Stone Circles of Senegambia
1107,51.57930556,14.72644444,Cultural,"Germany,Poland",Europe and North America,Muskauer Park / Park Mużakowski
1109,41.89022222,12.49230556,Cultural,"Holy See,Italy",Europe and North America,"Historic Centre of Rome, the Properties of the Holy See in that City Enjoying Extraterritorial Rights and San Paolo Fuori le Mura"
1110,48.47573,20.48687,Natural,"Hungary,Slovakia",Europe and North America,Caves of Aggtelek Karst and Slovak Karst
1111,45.88888889,8.913888889,Natural,"Italy,Switzerland",Europe and North America,Monte San Giorgio
1112,46.49833333,9.846388889,Cultural,"Italy,Switzerland",Europe and North America,Rhaetian Railway in the Albula / Bernina Landscapes
878,40.34389,-1.10722,Cultural,Spain,Europe and North America,Mudejar Architecture of Aragon
879,39.86688889,-4.029416667,Cultural,Spain,Europe and North America,Historic City of Toledo
880,28.12625,-17.23722222,Natural,Spain,Europe and North America,Garajonay National Park
881,40.96525,-5.6645,Cultural,Spain,Europe and North America,Old City of Salamanca
882,37.38384,-5.99155,Cultural,Spain,Europe and North America,"Cathedral, Alcázar and Archivo de Indias in Seville"
883,39.47444,-6.37,Cultural,Spain,Europe and North America,Old Town of Cáceres
884,38.91113889,1.435194444,Mixed,Spain,Europe and North America,"Ibiza, Biodiversity and Culture"
885,41.38083,1.0825,Cultural,Spain,Europe and North America,Poblet Monastery
1008,55.66333333,-3.783055556,Cultural,United Kingdom of Great Britain and Northern Ireland,Europe and North America,New Lanark
1009,-24.36666667,-128.3333333,Natural,United Kingdom of Great Britain and Northern Ireland,Europe and North America,Henderson Island
1010,51.50805556,-0.076111111,Cultural,United Kingdom of Great Britain and Northern Ireland,Europe and North America,Tower of London
1011,51.28,1.083333333,Cultural,United Kingdom of Great Britain and Northern Ireland,Europe and North America,"Canterbury Cathedral, St Augustine's Abbey, and St Martin's Church"
1012,58.99605556,-3.188666667,Cultural,United Kingdom of Great Britain and Northern Ireland,Europe and North America,Heart of Neolithic Orkney
1013,55.95,-3.216666667,Cultural,United Kingdom of Great Britain and Northern Ireland,Europe and North America,Old and New Towns of Edinburgh
1014,-40.32472222,-9.928611111,Natural,United Kingdom of Great Britain and Northern Ireland,Europe and North America,Gough and Inaccessible Islands
1015,51.48116667,-0.003777778,Cultural,United Kingdom of Great Britain and Northern Ireland,Europe and North America,Maritime Greenwich
1113,0,0,Natural,"Kazakhstan,Kyrgyzstan,Uzbekistan",Asia and the Pacific,Western Tien-Shan
1114,-29.76527778,29.12305556,Mixed,"Lesotho,South Africa",Africa,Maloti-Drakensberg Park
1115,55.27458,20.96239,Cultural,"Lithuania,Russian Federation",Europe and North America,Curonian Spit
1116,49.53388889,21.03222222,Cultural,"Poland,Ukraine",Europe and North America,Wooden <em>Tserkvas</em> of the Carpathian Region in Poland and Ukraine
1117,40.6975,-6.661111111,Cultural,"Portugal,Spain",Europe and North America,Prehistoric Rock Art Sites in the Côa Valley and Siega Verde
886,38.01131,-3.37122,Cultural,Spain,Europe and North America,Renaissance Monumental Ensembles of ÿbeda and Baeza
887,38.91611,-6.33778,Cultural,Spain,Europe and North America,Archaeological Ensemble of Mérida
888,39.45285,-5.3275,Cultural,Spain,Europe and North America,Royal Monastery of Santa María de Guadalupe
889,43.335,-6.414722222,Cultural,Spain,Europe and North America,Routes of Santiago de Compostela: <i>Camino Francés</i> and Routes of Northern Spain
890,36.9477,-6.358861,Natural,Spain,Europe and North America,Doñana National Park
891,40.07662,-2.13174,Cultural,Spain,Europe and North America,Historic Walled Town of Cuenca
892,39.47441667,-0.378444444,Cultural,Spain,Europe and North America,La Lonja de la Seda de Valencia
893,42.46939,-6.77075,Cultural,Spain,Europe and North America,Las Médulas
1016,32.37944444,-64.67777778,Cultural,United Kingdom of Great Britain and Northern Ireland,Europe and North America,"Historic Town of St George and Related Fortifications, Bermuda"
1017,51.77638889,-3.088055556,Cultural,United Kingdom of Great Britain and Northern Ireland,Europe and North America,Blaenavon Industrial Landscape
1018,53.83916667,-1.788333333,Cultural,United Kingdom of Great Britain and Northern Ireland,Europe and North America,Saltaire
1019,50.70555556,-2.989888889,Natural,United Kingdom of Great Britain and Northern Ireland,Europe and North America,Dorset and East Devon Coast
1020,53.02888889,-1.488055556,Cultural,United Kingdom of Great Britain and Northern Ireland,Europe and North America,Derwent Valley Mills
1021,51.48194444,-0.294027778,Cultural,United Kingdom of Great Britain and Northern Ireland,Europe and North America,"Royal Botanic Gardens, Kew"
1118,50.275,92.71972222,Natural,"Russian Federation,Mongolia",Europe and North America,Uvs Nuur Basin
1119,49.93022222,115.4254444,Natural,"Russian Federation,Mongolia",Europe and North America,Landscapes of Dauria
1120,38.77527778,-4.838888889,Cultural,"Slovenia,Spain",Europe and North America,Heritage of Mercury. Almadén and Idrija
1121,-17.92453,25.85539,Natural,"Zambia,Zimbabwe",Africa,Mosi-oa-Tunya / Victoria Falls
894,41.38778,2.175,Cultural,Spain,Europe and North America,"Palau de la Música Catalana and Hospital de Sant Pau, Barcelona"
895,42.32586,-2.86496,Cultural,Spain,Europe and North America,San Millán Yuso and Suso Monasteries
896,39.78995,-1.03331,Cultural,Spain,Europe and North America,Rock Art of the Mediterranean Basin on the Iberian Peninsula
897,41.11472222,1.259305556,Cultural,Spain,Europe and North America,Archaeological Ensemble of Tárraco
898,40.48138889,-3.368055556,Cultural,Spain,Europe and North America,University and Historic Precinct of Alcalá de Henares
899,28.47788889,-16.31177778,Cultural,Spain,Europe and North America,San Cristóbal de La Laguna
1022,53.40666667,-2.994444444,Cultural,United Kingdom of Great Britain and Northern Ireland,Europe and North America,Liverpool ⿿ Maritime Mercantile City
1023,50.13611111,-5.383611111,Cultural,United Kingdom of Great Britain and Northern Ireland,Europe and North America,Cornwall and West Devon Mining Landscape
1024,52.97027778,-3.087777778,Cultural,United Kingdom of Great Britain and Northern Ireland,Europe and North America,Pontcysyllte Aqueduct and Canal
1025,56.00111111,-3.388888889,Cultural,United Kingdom of Great Britain and Northern Ireland,Europe and North America,The Forth Bridge
1026,36.12266944,-5.342061111,Cultural,United Kingdom of Great Britain and Northern Ireland,Europe and North America,Gorham's Cave Complex
1027,53.23391667,-2.303861111,Cultural,United Kingdom of Great Britain and Northern Ireland,Europe and North America,Jodrell Bank Observatory
900,38.26666667,-0.716666667,Cultural,Spain,Europe and North America,Palmeral of Elche
901,43.01111,-7.55333,Cultural,Spain,Europe and North America,Roman Walls of Lugo
902,42.50472222,0.803611111,Cultural,Spain,Europe and North America,Catalan Romanesque Churches of the Vall de Boí
903,42.37138889,-3.547222222,Cultural,Spain,Europe and North America,Archaeological Site of Atapuerca
904,40.03645,-3.60934,Cultural,Spain,Europe and North America,Aranjuez Cultural Landscape
905,43.323175,-3.016833333,Cultural,Spain,Europe and North America,Vizcaya Bridge
906,28.27138889,-16.64361111,Natural,Spain,Europe and North America,Teide National Park
1028,-3.18722,35.54083,Mixed,United Republic of Tanzania,Africa,Ngorongoro Conservation Area
1029,-8.95778,39.52278,Cultural,United Republic of Tanzania,Africa,Ruins of Kilwa Kisiwani and Ruins of Songo Mnara
1030,-2.33333,34.56667,Natural,United Republic of Tanzania,Africa,Serengeti National Park
1031,-6.16306,39.18917,Cultural,United Republic of Tanzania,Africa,Stone Town of Zanzibar
1032,-9,37.4,Natural,United Republic of Tanzania,Africa,Selous Game Reserve
1033,-3.06667,37.36667,Natural,United Republic of Tanzania,Africa,Kilimanjaro National Park
1034,-4.724444444,35.83388889,Cultural,United Republic of Tanzania,Africa,Kondoa Rock-Art Sites
1035,37.26166667,-108.4855556,Cultural,United States of America,Europe and North America,Mesa Verde National Park
1036,44.46056,-110.82778,Natural,United States of America,Europe and North America,Yellowstone National Park
1037,36.10083333,-112.0905556,Natural,United States of America,Europe and North America,Grand Canyon National Park
907,43.38583333,-8.406388889,Cultural,Spain,Europe and North America,Tower of Hercules
908,39.73083333,2.694722222,Cultural,Spain,Europe and North America,Cultural Landscape of the Serra de Tramuntana
909,37.025,-4.544444444,Cultural,Spain,Europe and North America,Antequera Dolmens Site
910,37.88588889,-4.867694444,Cultural,Spain,Europe and North America,Caliphate City of Medina Azahara
911,28.04438889,-15.66119444,Cultural,Spain,Europe and North America,Risco Caido and the Sacred Mountains of Gran Canaria Cultural Landscape
912,8.333333333,80.38333333,Cultural,Sri Lanka,Asia and the Pacific,Sacred City of Anuradhapura
913,7.915833333,81.00055556,Cultural,Sri Lanka,Asia and the Pacific,Ancient City of Polonnaruwa
914,7.95,80.75,Cultural,Sri Lanka,Asia and the Pacific,Ancient City of Sigiriya
915,6.416666667,80.5,Natural,Sri Lanka,Asia and the Pacific,Sinharaja Forest Reserve
916,7.293611111,80.64027778,Cultural,Sri Lanka,Asia and the Pacific,Sacred City of Kandy
1038,25.55444444,-80.99638889,Natural,United States of America,Europe and North America,Everglades National Park
1039,39.94861111,-75.15,Cultural,United States of America,Europe and North America,Independence Hall
1040,41.37388889,-123.9980556,Natural,United States of America,Europe and North America,Redwood National and State Parks
1041,37.18722222,-86.10305556,Natural,United States of America,Europe and North America,Mammoth Cave National Park
1042,47.74833333,-123.4488889,Natural,United States of America,Europe and North America,Olympic National Park
1043,38.65861111,-90.06138889,Cultural,United States of America,Europe and North America,Cahokia Mounds State Historic Site
1044,35.59305556,-83.43555556,Natural,United States of America,Europe and North America,Great Smoky Mountains National Park
1045,18.46666667,-66.125,Cultural,United States of America,Europe and North America,La Fortaleza and San Juan National Historic Site in Puerto Rico
1046,40.68944444,-74.04472222,Cultural,United States of America,Europe and North America,Statue of Liberty
1048,36.06377778,-107.9708333,Cultural,United States of America,Europe and North America,Chaco Culture
1049,19.40083333,-155.1236111,Natural,United States of America,Europe and North America,Hawaii Volcanoes National Park
917,6.021388889,80.21861111,Cultural,Sri Lanka,Asia and the Pacific,Old Town of Galle and its Fortifications
918,7.856666667,80.64916667,Cultural,Sri Lanka,Asia and the Pacific,Golden Temple of Dambulla
919,7.45245,80.8021,Natural,Sri Lanka,Asia and the Pacific,Central Highlands of Sri Lanka
920,19.73611111,37.44305556,Natural,Sudan,Arab States,Sanganeb Marine National Park and Dungonab Bay ⿿ Mukkawar Island Marine National Park
921,18.537,31.82802778,Cultural,Sudan,Arab States,Gebel Barkal and the Sites of the Napatan Region
922,16.93333333,33.71666667,Cultural,Sudan,Arab States,Archaeological Sites of the Island of Meroe
923,5.82611,-55.15,Cultural,Suriname,Latin America and the Caribbean,Historic Inner City of Paramaribo
1050,38.03277778,-78.50388889,Cultural,United States of America,Europe and North America,Monticello and the University of Virginia in Charlottesville
1051,36.43889,-105.54167,Cultural,United States of America,Europe and North America,Taos Pueblo
1052,32.16666667,-104.3833333,Natural,United States of America,Europe and North America,Carlsbad Caverns National Park
1054,32.63694444,-91.40638889,Cultural,United States of America,Europe and North America,Monumental Earthworks of Poverty Point
1055,29.32805556,-98.46,Cultural,United States of America,Europe and North America,San Antonio Missions
1056,39.90557083,-79.46647556,Cultural,United States of America,Europe and North America,The 20th-Century Architecture of Frank Lloyd Wright
1057,-34.46777778,-57.85333333,Cultural,Uruguay,Latin America and the Caribbean,Historic Quarter of the City of Colonia del Sacramento
1058,-33.11777778,-58.33166667,Cultural,Uruguay,Latin America and the Caribbean,Fray Bentos Industrial Landscape
924,4,-56.5,Natural,Suriname,Latin America and the Caribbean,Central Suriname Nature Reserve
925,59.33514,17.54264,Cultural,Sweden,Europe and North America,Birka and Hovgården
926,59.96667,16.00833,Cultural,Sweden,Europe and North America,Engelsberg Ironworks
927,58.70111,11.34111,Cultural,Sweden,Europe and North America,Rock Carvings in Tanum
928,59.27556,18.09944,Cultural,Sweden,Europe and North America,Skogskyrkogården
929,59.32306,17.88333,Cultural,Sweden,Europe and North America,Royal Domain of Drottningholm
930,57.64167,18.29583,Cultural,Sweden,Europe and North America,Hanseatic Town of Visby
931,65.64611,22.02861,Cultural,Sweden,Europe and North America,"Church Town of Gammelstad, Luleå "
932,67.33333,17.58333,Mixed,Sweden,Europe and North America,Laponian Area
1059,41.37833,60.36389,Cultural,Uzbekistan,Asia and the Pacific,Itchan Kala
1060,39.77472,64.42861,Cultural,Uzbekistan,Asia and the Pacific,Historic Centre of Bukhara
1061,39.66861,67,Cultural,Uzbekistan,Asia and the Pacific,Samarkand  ⿿ Crossroad of Cultures
1062,39.05,66.83333,Cultural,Uzbekistan,Asia and the Pacific,Historic Centre of Shakhrisyabz
1063,-17.62806944,168.1777194,Cultural,Vanuatu,Asia and the Pacific,Chief Roi Mata⿿s Domain
1064,11.4,-69.68333333,Cultural,Venezuela (Bolivarian Republic of),Latin America and the Caribbean,Coro and its Port
1065,5.33333,-61.5,Natural,Venezuela (Bolivarian Republic of),Latin America and the Caribbean,Canaima National Park
1066,10.49073,-66.89068,Cultural,Venezuela (Bolivarian Republic of),Latin America and the Caribbean,Ciudad Universitaria de Caracas
1067,20.9,107.1,Natural,Viet Nam,Asia and the Pacific,Ha Long Bay
933,56.16667,15.58333,Cultural,Sweden,Europe and North America,Naval Port of Karlskrona
934,56.325,16.48333,Cultural,Sweden,Europe and North America,Agricultural Landscape of Southern ÿland
935,60.60472,15.63083,Cultural,Sweden,Europe and North America,Mining Area of the Great Copper Mountain in Falun
936,57.1,12.38333333,Cultural,Sweden,Europe and North America,"Grimeton Radio Station, Varberg"
937,61.70722222,16.19583333,Cultural,Sweden,Europe and North America,Decorated Farmhouses of Hälsingland
1068,16.46944,107.57778,Cultural,Viet Nam,Asia and the Pacific,Complex of Hué Monuments
1069,15.88333333,108.3333333,Cultural,Viet Nam,Asia and the Pacific,Hoi An Ancient Town
1070,15.51666667,108.5666667,Cultural,Viet Nam,Asia and the Pacific,My Son Sanctuary
1071,17.53722222,106.15125,Natural,Viet Nam,Asia and the Pacific,Phong Nha-Ke Bang National Park
1072,21.03944444,105.8372222,Cultural,Viet Nam,Asia and the Pacific,Central Sector of the Imperial Citadel of Thang Long - Hanoi
1073,20.07805556,105.6047222,Cultural,Viet Nam,Asia and the Pacific,Citadel of the Ho Dynasty
1074,20.25666667,105.8963889,Mixed,Viet Nam,Asia and the Pacific,Trang An Landscape Complex
1075,15.92694,48.62667,Cultural,Yemen,Arab States,Old Walled City of Shibam
1076,15.35555556,44.20805556,Cultural,Yemen,Arab States,Old City of Sana'a
1077,14.19533333,43.31552778,Cultural,Yemen,Arab States,Historic Town of Zabid
823,71.18888889,-179.7152778,Natural,Russian Federation,Europe and North America,Natural System of Wrangel Island Reserve
824,42.05297222,48.29719444,Cultural,Russian Federation,Europe and North America,"Citadel, Ancient City and Fortress Buildings of Derbent"
825,55.72611111,37.55508333,Cultural,Russian Federation,Europe and North America,Ensemble of the Novodevichy Convent
938,46.94806,7.45028,Cultural,Switzerland,Europe and North America,Old City of Berne
939,47.42333,9.37778,Cultural,Switzerland,Europe and North America,Abbey of St Gall
940,46.62945,10.44765,Cultural,Switzerland,Europe and North America,Benedictine Convent of St John at Müstair
941,46.19314,9.02242,Cultural,Switzerland,Europe and North America,"Three Castles, Defensive Wall and Ramparts of the Market-Town of Bellinzona"
942,46.5,8.033333333,Natural,Switzerland,Europe and North America,Swiss Alps Jungfrau-Aletsch
943,46.91666667,9.25,Natural,Switzerland,Europe and North America,Swiss Tectonic Arena Sardona
944,46.49194444,6.746111111,Cultural,Switzerland,Europe and North America,"Lavaux, Vineyard Terraces"
945,47.10388889,6.832777778,Cultural,Switzerland,Europe and North America,"La Chaux-de-Fonds / Le Locle, Watchmaking Town Planning"
1078,12.5,53.83333333,Natural,Yemen,Arab States,Socotra Archipelago
1079,-15.81944444,29.40805556,Natural,Zimbabwe,Africa,"Mana Pools National Park, Sapi and Chewore Safari Areas"
1080,-20.5,28.5,Cultural,Zimbabwe,Africa,Matobo Hills
1081,-20.28333333,30.93333333,Cultural,Zimbabwe,Africa,Great Zimbabwe National Monument
1082,-20.15833333,28.37666667,Cultural,Zimbabwe,Africa,Khami Ruins National Monument
1084,41.06925,20.64605556,Mixed,Albania,Europe and North America,Natural and Cultural Heritage of the Ohrid region
826,57.65278,39.87611,Cultural,Russian Federation,Europe and North America,Historical Centre of the City of Yaroslavl
827,69.04694444,94.15805556,Natural,Russian Federation,Europe and North America,Putorana Plateau
828,60.66666667,127,Natural,Russian Federation,Europe and North America,Lena Pillars Nature Park
829,57.80719444,28.32855556,Cultural,Russian Federation,Europe and North America,Churches of the Pskov School of Architecture
830,55.77027778,48.65277778,Cultural,Russian Federation,Europe and North America,Assumption Cathedral and Monastery of the town-island of Sviyazhsk
831,17.34694,-62.83722,Cultural,Saint Kitts and Nevis,Latin America and the Caribbean,Brimstone Hill Fortress National Park
946,33.51139,36.30639,Cultural,Syrian Arab Republic,Arab States,Ancient City of Damascus
947,36.19916667,37.16277778,Cultural,Syrian Arab Republic,Arab States,Ancient City of Aleppo
948,32.51806,36.48167,Cultural,Syrian Arab Republic,Arab States,Ancient City of Bosra
949,34.55417,38.26667,Cultural,Syrian Arab Republic,Arab States,Site of Palmyra
950,34.78166667,36.26305556,Cultural,Syrian Arab Republic,Arab States,Crac des Chevaliers and Qal⿿at Salah El-Din
951,36.33416667,36.84416667,Cultural,Syrian Arab Republic,Arab States,Ancient Villages of Northern Syria
952,39.50777778,67.46027778,Cultural,Tajikistan,Asia and the Pacific,Proto-urban Site of Sarazm
953,38.765,72.30527778,Natural,Tajikistan,Asia and the Pacific,Tajik National Park (Mountains of the Pamirs)
954,17.00722,99.78972,Cultural,Thailand,Asia and the Pacific,Historic Town of Sukhothai and Associated Historic Towns
1086,-28.54333333,-54.26583333,Cultural,"Argentina,Brazil",Latin America and the Caribbean,"Jesuit Missions of the Guaranis: San Ignacio Mini, Santa Ana, "
1088,47.71927778,16.72272222,Cultural,"Austria,Hungary",Europe and North America,Fertö / Neusiedlersee Cultural Landscape
1090,52.7275,23.98111111,Natural,"Belarus,Poland",Europe and North America,Bialowieza Forest
1091,50.17444,3.23139,Cultural,"Belgium,France",Europe and North America,Belfries of Belgium and France
832,13.80708333,-61.07036111,Natural,Saint Lucia,Latin America and the Caribbean,Pitons Management Area
833,43.93277778,12.45194444,Cultural,San Marino,Europe and North America,San Marino Historic Centre and Mount Titano
834,26.78361111,37.955,Cultural,Saudi Arabia,Arab States,Al-Hijr Archaeological Site (Madâin Sâlih)
835,24.73413333,46.57246667,Cultural,Saudi Arabia,Arab States,At-Turaif District in ad-Dir'iyah
836,21.48388889,39.1875,Cultural,Saudi Arabia,Arab States,"Historic Jeddah, the Gate to Makkah"
837,28.01055556,40.91305556,Cultural,Saudi Arabia,Arab States,Rock Art in the Hail Region of Saudi Arabia
955,17.54861,103.35833,Cultural,Thailand,Asia and the Pacific,Ban Chiang Archaeological Site
956,14.34778,100.56056,Cultural,Thailand,Asia and the Pacific,Historic City of Ayutthaya
957,14.33,102.05,Natural,Thailand,Asia and the Pacific,Dong Phayayen-Khao Yai Forest Complex
958,15.33333,98.91667,Natural,Thailand,Asia and the Pacific,Thungyai-Huai Kha Khaeng Wildlife Sanctuaries
959,10.06666667,1.133333333,Cultural,Togo,Africa,"Koutammakou, the Land of the Batammariba"
960,37.16361,9.67472,Natural,Tunisia,Arab States,Ichkeul National Park
961,36.81667,10.16667,Cultural,Tunisia,Arab States,Medina of Tunis
962,36.85278,10.32333,Cultural,Tunisia,Arab States,Archaeological Site of Carthage
963,35.29639,10.70694,Cultural,Tunisia,Arab States,Amphitheatre of El Jem
1093,11.88416667,2.487777778,Natural,"Benin,Burkina Faso,Niger",Africa,W-Arly-Pendjari Complex
1095,2.609444444,16.55416667,Natural,"Cameroon,Central African Republic,Congo",Africa,Sangha Trinational
1096,61.19758333,-140.9919722,Natural,Canada,Europe and North America,Kluane / Wrangell-St. Elias / Glacier Bay / Tatshenshini-Alsek
1097,48.99605556,-113.9041667,Natural,Canada,Europe and North America,Waterton Glacier International Peace Park
1098,34.30444444,108.8572222,Cultural,"China,Kazakhstan,Kyrgyzstan",Asia and the Pacific,Silk Roads: the Routes Network of Chang'an-Tianshan Corridor
1099,9.407083333,-82.93880556,Natural,"Costa Rica,Panama",Latin America and the Caribbean,Talamanca Range-La Amistad Reserves / La Amistad National Park